path,track,ui,duration_seconds,width,height,fps,public_allowed,spoiler,approval_status,capture_type,caption_ko,setup,archive,sha256
marketing/2026-10-10/video/ui_off/attack_chain_current_ui_off_current_public_nosp.mp4,attack,off,8.666667,1920,1080,60.0,True,none,current_game_capture,prepared_gameplay_capture,현재 게임 플레이 / 촬영용 준비·자동 조작,Current production recomputed player stats; stationary high-health dummy; production attack timing and animation; no timing override.,joseon-hunters-2026-10-10-video-ui-off.zip,96f0a0afac7329f154c928ae6f3af83eaf7d19c3381c996d35cac0b61f43dfa1
marketing/2026-10-10/video/ui_on/attack_chain_current_ui_on_current_public_nosp.mp4,attack,on,8.666667,1920,1080,60.0,True,none,current_game_capture,prepared_gameplay_capture,현재 게임 플레이 / 촬영용 준비·자동 조작,Current production recomputed player stats; stationary high-health dummy; production attack timing and animation; no timing override.,joseon-hunters-2026-10-10-video-ui-on.zip,f2cb4c5e4af5d73ac18500a953e0e1dc4d2190fc8ba05014b8bfac9634340a54
marketing/2026-10-10/video/ui_off/boss_telegraph_ui_off_current_public_boss_gameplay.mp4,boss,off,3.1,1920,1080,60.0,True,minor_enemy,current_game_capture,prepared_gameplay_capture,현재 게임 플레이 / 촬영용 준비·자동 조작,Same prepared character; real boss-floor body and production AI/telegraph; initial charge cooldown set ready as existing heukrang_pounce scenario; normal boss stats.,joseon-hunters-2026-10-10-video-ui-off.zip,581ad631dabe4eef233467b0d195e5790fd50192bc796b4b6aae015427222011
marketing/2026-10-10/video/ui_off/boss_fight_highlight_ui_off_current_public_boss_gameplay.mp4,boss,off,17.5,1920,1080,60.0,True,minor_enemy,current_game_capture,prepared_gameplay_capture,현재 게임 플레이 / 촬영용 준비·자동 조작,Same prepared character; real boss-floor body and production AI/telegraph; initial charge cooldown set ready as existing heukrang_pounce scenario; normal boss stats.,joseon-hunters-2026-10-10-video-ui-off.zip,9272b517164cb893077afab766af5a2e40b0967c60e7f374da5d4a1870d8b407
marketing/2026-10-10/video/ui_on/boss_telegraph_ui_on_current_public_boss_gameplay.mp4,boss,on,3.1,1920,1080,60.0,True,minor_enemy,current_game_capture,prepared_gameplay_capture,현재 게임 플레이 / 촬영용 준비·자동 조작,Same prepared character; real boss-floor body and production AI/telegraph; initial charge cooldown set ready as existing heukrang_pounce scenario; normal boss stats.,joseon-hunters-2026-10-10-video-ui-on.zip,7a10d453d57d102bcd4af1807cdefa7316ad3adc0f42d12b75d023fd3a4fc89a
marketing/2026-10-10/video/ui_on/boss_fight_highlight_ui_on_current_public_boss_gameplay.mp4,boss,on,17.5,1920,1080,60.0,True,minor_enemy,current_game_capture,prepared_gameplay_capture,현재 게임 플레이 / 촬영용 준비·자동 조작,Same prepared character; real boss-floor body and production AI/telegraph; initial charge cooldown set ready as existing heukrang_pounce scenario; normal boss stats.,joseon-hunters-2026-10-10-video-ui-on.zip,1615373898ae019f0e29fe04c89e72a89bc1dcda68df09eab6c46c7d5465f96a
marketing/2026-10-10/video/ui_off/04_cave_entry_ui_off_current_public_nosp.mp4,cave,off,7.816667,1920,1080,60.0,True,none,current_game_capture,prepared_gameplay_capture,현재 게임 플레이 / 촬영용 준비·자동 조작,"Existing slice Lv6 prepared character, learned sword skills and potion belt; real cave click and floor-one combat; normal enemy stats.",joseon-hunters-2026-10-10-video-ui-off.zip,f2d60c0d38c41482d1e64278f511bcaff386afb69da13dd23c248c18a3882ce5
marketing/2026-10-10/video/ui_off/cave_floor1_combat_ui_off_current_public_nosp.mp4,cave,off,15.633333,1920,1080,60.0,True,none,current_game_capture,prepared_gameplay_capture,현재 게임 플레이 / 촬영용 준비·자동 조작,"Existing slice Lv6 prepared character, learned sword skills and potion belt; real cave click and floor-one combat; normal enemy stats.",joseon-hunters-2026-10-10-video-ui-off.zip,4024e4c3fc8531de57cb8472f3fb1475736ab3e41f1d870df5eba0f8dafce3bf
marketing/2026-10-10/video/ui_on/04_cave_entry_ui_on_current_public_nosp.mp4,cave,on,7.816667,1920,1080,60.0,True,none,current_game_capture,prepared_gameplay_capture,현재 게임 플레이 / 촬영용 준비·자동 조작,"Existing slice Lv6 prepared character, learned sword skills and potion belt; real cave click and floor-one combat; normal enemy stats.",joseon-hunters-2026-10-10-video-ui-on.zip,2f77a720ffb45306cf10e61d407a0b9685f463ba04c9ca723cbf0e213ae1c3f3
marketing/2026-10-10/video/ui_on/cave_floor1_combat_ui_on_current_public_nosp.mp4,cave,on,15.633333,1920,1080,60.0,True,none,current_game_capture,prepared_gameplay_capture,현재 게임 플레이 / 촬영용 준비·자동 조작,"Existing slice Lv6 prepared character, learned sword skills and potion belt; real cave click and floor-one combat; normal enemy stats.",joseon-hunters-2026-10-10-video-ui-on.zip,886c31a6b1f2d5a9ca62480a28c638e4c64c79532278676bb7a3742db0079ae4
marketing/2026-10-10/video/ui_off/04_cold_ui_off_current_public_nosp.mp4,effect_cold,off,7.216667,1920,1080,60.0,True,none,current_game_capture,fixed_target_effect_showcase,현재 에셋 이펙트 시연 / 고정 표적 연출 캡처,"Existing _feel_numbers_demo plate A: stationary showcase enemies, prepared skills/paper, fixed combat RNG, deliberate damage/crit fixtures; current production VFX paths.",joseon-hunters-2026-10-10-video-ui-off.zip,fdf639a42658bb19cf42be1ea5789785a853c90815b19480c30e7832a144b3b6
marketing/2026-10-10/video/ui_on/04_cold_ui_on_current_public_nosp.mp4,effect_cold,on,7.216667,1920,1080,60.0,True,none,current_game_capture,fixed_target_effect_showcase,현재 에셋 이펙트 시연 / 고정 표적 연출 캡처,"Existing _feel_numbers_demo plate A: stationary showcase enemies, prepared skills/paper, fixed combat RNG, deliberate damage/crit fixtures; current production VFX paths.",joseon-hunters-2026-10-10-video-ui-on.zip,f915794d139928c2de41b720abd61c9d536ea168d4c01c73db64ba74b3c83ef3
marketing/2026-10-10/video/ui_off/02_crit_ui_off_current_public_nosp.mp4,effect_crit,off,3.733333,1920,1080,60.0,True,none,current_game_capture,fixed_target_effect_showcase,현재 에셋 이펙트 시연 / 고정 표적 연출 캡처,"Existing _feel_numbers_demo plate A: stationary showcase enemies, prepared skills/paper, fixed combat RNG, deliberate damage/crit fixtures; current production VFX paths.",joseon-hunters-2026-10-10-video-ui-off.zip,e51d6f4cdadf78bd83c1b9d2008aea8cabc3b13d189980149c2b85450b921e36
marketing/2026-10-10/video/ui_on/02_crit_ui_on_current_public_nosp.mp4,effect_crit,on,3.733333,1920,1080,60.0,True,none,current_game_capture,fixed_target_effect_showcase,현재 에셋 이펙트 시연 / 고정 표적 연출 캡처,"Existing _feel_numbers_demo plate A: stationary showcase enemies, prepared skills/paper, fixed combat RNG, deliberate damage/crit fixtures; current production VFX paths.",joseon-hunters-2026-10-10-video-ui-on.zip,1e84ab89930b4c185deb44dd8bc7391a8d3d31af52b72f4105de154e23793140
marketing/2026-10-10/video/ui_off/03_fire_ui_off_current_public_nosp.mp4,effect_fire,off,7.266667,1920,1080,60.0,True,none,current_game_capture,fixed_target_effect_showcase,현재 에셋 이펙트 시연 / 고정 표적 연출 캡처,"Existing _feel_numbers_demo plate A: stationary showcase enemies, prepared skills/paper, fixed combat RNG, deliberate damage/crit fixtures; current production VFX paths.",joseon-hunters-2026-10-10-video-ui-off.zip,e58353024f237c371d93fd418ed0311c25d5fbcd957db6bc12b607ac8623d93d
marketing/2026-10-10/video/ui_on/03_fire_ui_on_current_public_nosp.mp4,effect_fire,on,7.266667,1920,1080,60.0,True,none,current_game_capture,fixed_target_effect_showcase,현재 에셋 이펙트 시연 / 고정 표적 연출 캡처,"Existing _feel_numbers_demo plate A: stationary showcase enemies, prepared skills/paper, fixed combat RNG, deliberate damage/crit fixtures; current production VFX paths.",joseon-hunters-2026-10-10-video-ui-on.zip,4e2f2be0644a08c1b29f91cc6455de023d62e9f9858d71808d37e11c8606700e
marketing/2026-10-10/video/ui_off/09_flurry_ui_off_current_public_nosp.mp4,effect_flurry,off,4.7,1920,1080,60.0,True,none,current_game_capture,fixed_target_effect_showcase,현재 에셋 이펙트 시연 / 고정 표적 연출 캡처,"Existing _feel_numbers_demo plate A: stationary showcase enemies, prepared skills/paper, fixed combat RNG, deliberate damage/crit fixtures; current production VFX paths.",joseon-hunters-2026-10-10-video-ui-off.zip,36823fbc4ce3eb9b4e5d934e490802b7418e34d86c54373f1482276de388adeb
marketing/2026-10-10/video/ui_on/09_flurry_ui_on_current_public_nosp.mp4,effect_flurry,on,4.7,1920,1080,60.0,True,none,current_game_capture,fixed_target_effect_showcase,현재 에셋 이펙트 시연 / 고정 표적 연출 캡처,"Existing _feel_numbers_demo plate A: stationary showcase enemies, prepared skills/paper, fixed combat RNG, deliberate damage/crit fixtures; current production VFX paths.",joseon-hunters-2026-10-10-video-ui-on.zip,1e651dde3e596f3e55e08ce03cc65ca4bdbff44b4d143d1fc604ddd3dd5c0688
marketing/2026-10-10/video/ui_off/08_lightning_ui_off_current_public_nosp.mp4,effect_lightning,off,7.083333,1920,1080,60.0,True,none,current_game_capture,fixed_target_effect_showcase,현재 에셋 이펙트 시연 / 고정 표적 연출 캡처,"Existing _feel_numbers_demo plate A: stationary showcase enemies, prepared skills/paper, fixed combat RNG, deliberate damage/crit fixtures; current production VFX paths.",joseon-hunters-2026-10-10-video-ui-off.zip,1aa272a26342c1504789b6156a9cd575e3dedb52c8b28c041f9558460fade0db
marketing/2026-10-10/video/ui_on/08_lightning_ui_on_current_public_nosp.mp4,effect_lightning,on,7.083333,1920,1080,60.0,True,none,current_game_capture,fixed_target_effect_showcase,현재 에셋 이펙트 시연 / 고정 표적 연출 캡처,"Existing _feel_numbers_demo plate A: stationary showcase enemies, prepared skills/paper, fixed combat RNG, deliberate damage/crit fixtures; current production VFX paths.",joseon-hunters-2026-10-10-video-ui-on.zip,e2fa1a22b573507ecd8754b85794d3dd2b6a568d4f5d6c99ac542a43aec9ceb9
marketing/2026-10-10/video/ui_off/imugi_surface_dive_resurface_ui_off_current_public_optional_enemy_gameplay.mp4,imugi,off,16.616667,1920,1080,60.0,True,minor_enemy,current_game_capture,prepared_gameplay_capture,현재 게임 플레이 / 촬영용 준비·자동 조작,Native optional named imugi in actual deep pool; other enemies removed; natural full dive cooldown and normal dive values; prepared character uses actual belt potions.,joseon-hunters-2026-10-10-video-ui-off.zip,36748486300898dbecaff54d4ebec243c6bd3d929f047bf7ccca132d927480e3
marketing/2026-10-10/video/ui_on/imugi_surface_dive_resurface_ui_on_current_public_optional_enemy_gameplay.mp4,imugi,on,16.616667,1920,1080,60.0,True,minor_enemy,current_game_capture,prepared_gameplay_capture,현재 게임 플레이 / 촬영용 준비·자동 조작,Native optional named imugi in actual deep pool; other enemies removed; natural full dive cooldown and normal dive values; prepared character uses actual belt potions.,joseon-hunters-2026-10-10-video-ui-on.zip,c762f9fcc76b069085a286fd80b5cf5a401cc8db4ddd1aa8e9b8345490a0e502
marketing/2026-10-10/video/ui_off/loot_beams_ui_off_current_public_nosp.mp4,loot,off,5.05,1920,1080,60.0,True,none,current_game_capture,prepared_gameplay_capture,현재 게임 플레이 / 촬영용 준비·자동 조작,"Representative magic/rare/unique items prepared using ItemInstance and ItemGen; production loot emission/landing/beams, ground pickup and identification input. Drops are staged, not presented as a random outcome.",joseon-hunters-2026-10-10-video-ui-off.zip,f4db7384b7258d1300b8c3e0bb425a65ba99b2b2f35bde99e03ce245377cbca7
marketing/2026-10-10/video/ui_off/identify_unidentified_unique_ui_off_current_public_nosp.mp4,loot,off,6.366667,1920,1080,60.0,True,none,current_game_capture,prepared_gameplay_capture,현재 게임 플레이 / 촬영용 준비·자동 조작,"Representative magic/rare/unique items prepared using ItemInstance and ItemGen; production loot emission/landing/beams, ground pickup and identification input. Drops are staged, not presented as a random outcome.",joseon-hunters-2026-10-10-video-ui-off.zip,9c6f0028c2f2fb746279d3d857964cc0a95b7473851ed08e4135b0bb4e925ef0
marketing/2026-10-10/video/ui_on/loot_beams_ui_on_current_public_nosp.mp4,loot,on,5.05,1920,1080,60.0,True,none,current_game_capture,prepared_gameplay_capture,현재 게임 플레이 / 촬영용 준비·자동 조작,"Representative magic/rare/unique items prepared using ItemInstance and ItemGen; production loot emission/landing/beams, ground pickup and identification input. Drops are staged, not presented as a random outcome.",joseon-hunters-2026-10-10-video-ui-on.zip,8e7d01fa7f68331fc249a1048f800c9a89a413ee8c2c9d771e447c68c416bffb
marketing/2026-10-10/video/ui_on/identify_unidentified_unique_ui_on_current_public_nosp.mp4,loot,on,6.366667,1920,1080,60.0,True,none,current_game_capture,prepared_gameplay_capture,현재 게임 플레이 / 촬영용 준비·자동 조작,"Representative magic/rare/unique items prepared using ItemInstance and ItemGen; production loot emission/landing/beams, ground pickup and identification input. Drops are staged, not presented as a random outcome.",joseon-hunters-2026-10-10-video-ui-on.zip,e57370d10c99906d651e1d4cce068d123efb44770369f2936ced053a94c722c0
marketing/2026-10-10/video/ui_off/quest_accept_ui_off_current_public_nosp.mp4,quest_accept,off,32.883333,1920,1080,60.0,True,none,current_game_capture,prepared_gameplay_capture,현재 게임 플레이 / 촬영용 준비·자동 조작,New E2E character; all captured dialogue waits for complete voice playback.,joseon-hunters-2026-10-10-video-ui-off.zip,33686d0723b3fba575bb245f4bad4042efa76a75496e014a098f4d9a65ce9504
marketing/2026-10-10/video/ui_on/quest_accept_ui_on_current_public_nosp.mp4,quest_accept,on,32.883333,1920,1080,60.0,True,none,current_game_capture,prepared_gameplay_capture,현재 게임 플레이 / 촬영용 준비·자동 조작,New E2E character; all captured dialogue waits for complete voice playback.,joseon-hunters-2026-10-10-video-ui-on.zip,e4d0519e0ecc6555e696f36274b804f9932b544c393c7d307616ee7c550b057a
marketing/2026-10-10/video/ui_off/quest_report_ui_off_current_public_quest_completion.mp4,quest_report,off,24.183333,1920,1080,60.0,True,minor_quest,current_game_capture,prepared_gameplay_capture,현재 게임 플레이 / 촬영용 준비·자동 조작,Quest acceptance and cave clear prepared through existing damage path outside captured report; voiced report uses actual input.,joseon-hunters-2026-10-10-video-ui-off.zip,0d93de3d06da3454f00c037d000b72fb6a641a06ed22f63430ca5006e20737c3
marketing/2026-10-10/video/ui_on/quest_report_ui_on_current_public_quest_completion.mp4,quest_report,on,24.183333,1920,1080,60.0,True,minor_quest,current_game_capture,prepared_gameplay_capture,현재 게임 플레이 / 촬영용 준비·자동 조작,Quest acceptance and cave clear prepared through existing damage path outside captured report; voiced report uses actual input.,joseon-hunters-2026-10-10-video-ui-on.zip,06839c2088f15d9d32375d1079ad6513065fc9796adeffba1d78dd5e13026560
