path,width,height,native_resolution,ui,public_allowed,spoiler,capture_type,caption_ko,editorial_note,archive,sha256
marketing/2026-10-10/screenshots/01_town_plaza_4k_no_ui_current_public_nosp.png,3840,2160,True,off,True,none,composed_game_screenshot,현재 게임 렌더 / 장면 배치 캡처,,joseon-hunters-2026-10-10-screenshots.zip,da9a112475816a06afbfc2e4a0987a4fbcc9bd8932d0a5c08df78e14caf4c6d1
marketing/2026-10-10/screenshots/02_town_shrine_4k_no_ui_current_public_nosp.png,3840,2160,True,off,True,none,composed_game_screenshot,현재 게임 렌더 / 장면 배치 캡처,,joseon-hunters-2026-10-10-screenshots.zip,b69494a9bece7c6cf1dbcccb1e27cb2868fff421aaa7dffe10878bea1cc94f42
marketing/2026-10-10/screenshots/03_town_chief_4k_no_ui_current_public_nosp.png,3840,2160,True,off,True,none,composed_game_screenshot,현재 게임 렌더 / 장면 배치 캡처,,joseon-hunters-2026-10-10-screenshots.zip,805e722f412e5e6eef658b87d991bc996aceb54026976e12ea98d74d2ba1027d
marketing/2026-10-10/screenshots/04_town_pond_4k_no_ui_current_public_nosp.png,3840,2160,True,off,True,none,composed_game_screenshot,현재 게임 렌더 / 장면 배치 캡처,,joseon-hunters-2026-10-10-screenshots.zip,f6d53c77cfe59d01089bec4c57fc63f5f5fa525fe89a2b6259e5c0e38c658ff4
marketing/2026-10-10/screenshots/05_field_cart_4k_no_ui_current_public_nosp.png,3840,2160,True,off,True,none,composed_game_screenshot,현재 게임 렌더 / 장면 배치 캡처,,joseon-hunters-2026-10-10-screenshots.zip,ebe4d8703b56712dbde676b38ec663c3480619f70768bd076b038c4d4eb98d63
marketing/2026-10-10/screenshots/06_field_junction_4k_no_ui_current_public_nosp.png,3840,2160,True,off,True,none,composed_game_screenshot,현재 게임 렌더 / 장면 배치 캡처,,joseon-hunters-2026-10-10-screenshots.zip,d17da708b154d869d48c3946dc85d21c3b20bfa180e9629e6f74623be152c408
marketing/2026-10-10/screenshots/07_field_cave_entrance_4k_no_ui_current_public_nosp.png,3840,2160,True,off,True,none,composed_game_screenshot,현재 게임 렌더 / 장면 배치 캡처,,joseon-hunters-2026-10-10-screenshots.zip,55d7f55b30c47467ea44d98f6bc9ac446027edb4c3f54c39691f1a0fa0b77bbe
marketing/2026-10-10/screenshots/08_cave_arrival_4k_no_ui_current_public_nosp.png,3840,2160,True,off,True,none,composed_game_screenshot,현재 게임 렌더 / 장면 배치 캡처,,joseon-hunters-2026-10-10-screenshots.zip,3c5d92a2ed453b0a79dd71de43beaae40526c83195daf436098c8b5170992fa2
marketing/2026-10-10/screenshots/09_cave_room_4k_no_ui_current_public_nosp.png,3840,2160,True,off,True,none,composed_game_screenshot,현재 게임 렌더 / 장면 배치 캡처,,joseon-hunters-2026-10-10-screenshots.zip,3a457459a6644ade776283d5821ee3935cef1da601ca50803b098c41c75e3b06
marketing/2026-10-10/screenshots/10_heukrang_boss_4k_no_ui_current_public_gameplay.png,3840,2160,True,off,True,minor_enemy,composed_game_screenshot,현재 게임 렌더 / 장면 배치 캡처,흑랑 조우 분위기용 정지 장면. 전투 하이라이트나 대표 썸네일로는 권장하지 않음.,joseon-hunters-2026-10-10-screenshots.zip,8b228fd22de36a3c30d9a8ea8eb8b982fbaf9d9b512f74757bbf33196b6a4cf4
marketing/2026-10-10/screenshots/11_imugi_surface_4k_no_ui_current_public_gameplay.png,3840,2160,True,off,True,minor_enemy,composed_game_screenshot,현재 게임 렌더 / 장면 배치 캡처,,joseon-hunters-2026-10-10-screenshots.zip,bcbb66598bf6840f28c90e3a4198bce73bb7b89eb7dafb43311093cdda806a29
marketing/2026-10-10/screenshots/12_fire_action_4k_no_ui_current_public_nosp.png,3840,2160,True,off,True,none,fixed_target_effect_showcase,현재 에셋 이펙트 시연 / 고정 표적 연출 캡처,,joseon-hunters-2026-10-10-screenshots.zip,19b504f78d90f5d5db05a7863c19137673139e8914ae3b0d4474053a584edd2b
marketing/2026-10-10/screenshots/13_freeze_action_4k_no_ui_current_public_nosp.png,3840,2160,True,off,True,none,fixed_target_effect_showcase,현재 에셋 이펙트 시연 / 고정 표적 연출 캡처,,joseon-hunters-2026-10-10-screenshots.zip,22aad11912c75bc578a1f3579d63b41c7578f1eafb1538cf3e69db28b8f1f3a6
marketing/2026-10-10/screenshots/14_lightning_action_4k_no_ui_current_public_nosp.png,3840,2160,True,off,True,none,fixed_target_effect_showcase,현재 에셋 이펙트 시연 / 고정 표적 연출 캡처,,joseon-hunters-2026-10-10-screenshots.zip,9f5fe8bcd156ef07d621cb2a8b432ada4f509118ff6a3b59da4f0deb2867fd58
marketing/2026-10-10/screenshots/15_flurry_action_4k_no_ui_current_public_nosp.png,3840,2160,True,off,True,none,fixed_target_effect_showcase,현재 에셋 이펙트 시연 / 고정 표적 연출 캡처,,joseon-hunters-2026-10-10-screenshots.zip,e92f92b82f45f97e53fc5bde9e10a41d4dedbbb53b81fe6cc7e1e8c26b201ed5
marketing/2026-10-10/screenshots/16_critical_action_4k_no_ui_current_public_nosp.png,3840,2160,True,off,True,none,fixed_target_effect_showcase,현재 에셋 이펙트 시연 / 고정 표적 연출 캡처,치명타 순간의 밝은 섬광. 금빛 색감은 치명타 영상에서 확인.,joseon-hunters-2026-10-10-screenshots.zip,ab5b7e7cbb8a80940bd6147c4f793c3d295ce73ededced9a4eff2436ec01392f
