character,requested_expression,availability,approval_status,width,height,alpha,files,notes_ko
도호,neutral,available,confirmed,1024,1536,True,art/cutouts/confirmed/doho_neutral_confirmed_public_spoiler-none.png,별도 저해상도 폴더에 확정 neutral idle 첫 프레임도 있음 (480×864)
도호,smile,missing,missing,,,,,해당 표정 또는 입 벌림 전용 프레임 없음 / 능청 smug 확정본은 있으나 정확한 smile 차분으로 세지 않음
도호,surprised,missing,missing,,,,,해당 표정 또는 입 벌림 전용 프레임 없음
도호,angry,missing,missing,,,,,해당 표정 또는 입 벌림 전용 프레임 없음
도호,mouth-open,missing,missing,,,,,해당 표정 또는 입 벌림 전용 프레임 없음
촌장,neutral,available,candidate,1024,1536,True,art/cutouts/candidate/village_chief_neutral_A_candidate_public_spoiler-none.png | art/cutouts/candidate/village_chief_neutral_B_candidate_public_spoiler-none.png,후보만 있음; 디자인 검토용이며 게임 반입 미합격 / 별도 저해상도 폴더에 확정 neutral idle 첫 프레임도 있음 (480×864)
촌장,smile,available,candidate,1024,1536,True,art/cutouts/candidate/village_chief_smile_A_candidate_public_spoiler-none.png | art/cutouts/candidate/village_chief_smile_B_candidate_public_spoiler-none.png,후보만 있음; 디자인 검토용이며 게임 반입 미합격
촌장,surprised,missing,missing,,,,,해당 표정 또는 입 벌림 전용 프레임 없음
촌장,angry,missing,missing,,,,,해당 표정 또는 입 벌림 전용 프레임 없음
촌장,mouth-open,missing,missing,,,,,해당 표정 또는 입 벌림 전용 프레임 없음
무당 할매,neutral,available,candidate,1024,1536,True,art/cutouts/candidate/shaman_grandma_neutral_A_candidate_public_spoiler-none.png | art/cutouts/candidate/shaman_grandma_neutral_B_candidate_public_spoiler-none.png,후보만 있음; 디자인 검토용이며 게임 반입 미합격 / 별도 저해상도 폴더에 확정 neutral idle 첫 프레임도 있음 (480×864)
무당 할매,smile,missing,missing,,,,,해당 표정 또는 입 벌림 전용 프레임 없음 / serious 후보는 있으나 웃음·화남으로 세지 않음
무당 할매,surprised,missing,missing,,,,,해당 표정 또는 입 벌림 전용 프레임 없음
무당 할매,angry,missing,missing,,,,,해당 표정 또는 입 벌림 전용 프레임 없음 / serious 후보는 있으나 웃음·화남으로 세지 않음
무당 할매,mouth-open,missing,missing,,,,,해당 표정 또는 입 벌림 전용 프레임 없음
김 영감,neutral,available,confirmed,1024,1536,True,art/cutouts/confirmed/kim_elder_neutral_confirmed_public_spoiler-none.png,별도 저해상도 폴더에 확정 neutral idle 첫 프레임도 있음 (480×864)
김 영감,smile,available,confirmed,1024,1536,True,art/cutouts/confirmed/kim_elder_smile_confirmed_public_spoiler-none.png,
김 영감,surprised,missing,missing,,,,,해당 표정 또는 입 벌림 전용 프레임 없음
김 영감,angry,missing,missing,,,,,해당 표정 또는 입 벌림 전용 프레임 없음
김 영감,mouth-open,missing,missing,,,,,해당 표정 또는 입 벌림 전용 프레임 없음
억쇠,neutral,available,confirmed,1024,1536,True,art/cutouts/confirmed/eoksoe_neutral_confirmed_public_spoiler-none.png,
억쇠,smile,available,confirmed,1024,1536,True,art/cutouts/confirmed/eoksoe_smile_confirmed_public_spoiler-none.png,
억쇠,surprised,missing,missing,,,,,해당 표정 또는 입 벌림 전용 프레임 없음
억쇠,angry,missing,missing,,,,,해당 표정 또는 입 벌림 전용 프레임 없음
억쇠,mouth-open,missing,missing,,,,,해당 표정 또는 입 벌림 전용 프레임 없음
주모,neutral,available,candidate,1024,1536,True,art/cutouts/candidate/tavern_keeper_neutral_A_candidate_public_spoiler-none.png | art/cutouts/candidate/tavern_keeper_neutral_B_candidate_public_spoiler-none.png,후보만 있음; 디자인 검토용이며 게임 반입 미합격 / 별도 저해상도 폴더에 확정 neutral idle 첫 프레임도 있음 (480×864)
주모,smile,available,candidate,1024,1536,True,art/cutouts/candidate/tavern_keeper_smile_A_candidate_public_spoiler-none.png | art/cutouts/candidate/tavern_keeper_smile_B_candidate_public_spoiler-none.png,후보만 있음; 디자인 검토용이며 게임 반입 미합격
주모,surprised,missing,missing,,,,,해당 표정 또는 입 벌림 전용 프레임 없음
주모,angry,missing,missing,,,,,해당 표정 또는 입 벌림 전용 프레임 없음
주모,mouth-open,missing,missing,,,,,해당 표정 또는 입 벌림 전용 프레임 없음
