"path","bytes","sha256","extension","last_write_utc","git_tracked"
"2026\06\cref1.png","232349","8CD63FC167760E6BABC20ADC8CD991164E54F1687AB422ADE2EE2ACFF808B44A",".png","2026-06-03T06:11:43.1041926Z","True"
"2026\06\doho-dungeon.png","2311691","986F91B9F3A5202C6C6CF363D8A3A394567D6FCBEC9345EC09BACEF8B64BD0D0",".png","2026-06-01T04:59:40.9715074Z","True"
"2026\06\first-village-hud.png","1202823","41B129A7392B5B1BDBBFB568A5D9E003D3F7E3602BB6A270F7EEA1FBAF25356C",".png","2026-06-03T03:50:09.8362873Z","True"
"2026\06\gumiho1.png","2633144","754421A5384FCEA4AA912F73B4F02E030E34388805FD9C69BABCC24A94FBE9D4",".png","2026-06-01T05:06:28.8192649Z","True"
"2026\06\icons.png","1368401","73E39F05B69B5E0C793C4040F530DBF656C5ED85FF9C3472EDDDE30DD2012FFF",".png","2026-06-03T01:06:23.2163119Z","True"
"2026\06\landing-live.png","929511","E23046B70B5C8AFE80FC10895C3537E94EBD55A74A2D73C017939B703435A1B5",".png","2026-06-04T10:43:30.3861866Z","True"
"2026\06\title.png","2769623","4F5B9572DD1448120F37B77007C925F3F54B630A292C6801390A01E00F6495E1",".png","2026-06-02T07:15:24.4698536Z","True"
"archive\inbox_dup\doho_modern_orient_dup.png","2668272","7E9C6D0AAC2A5D6AF3F352335F26C034DF6847B24BDA1118D7B33CC09BB02777",".png","2026-05-28T00:45:31.5635705Z","True"
"archive\inbox_dup\gwisae_heritage_cover_dup.png","2798325","3B8494255ED61FAED4585F4D21D6F82727DC67FB96B6453E96AE529E1598C550",".png","2026-06-01T05:30:18.2007815Z","True"
"archive\inbox_dup\gwisae_veiled_blade_dup.png","2871185","B96D6CB41146D70649499526A0BED86C6BAE1084E12D034ABDA13C3F3EA32DD5",".png","2026-06-01T05:31:06.8974767Z","True"
"archive\inbox_dup\yungeom_card_v1_dup.png","2774220","68C7CCAB8B08FAD90E6D6D0B2F17C98B46D725C76B9E9AE7E13779914205D718",".png","2026-06-01T05:31:02.8716982Z","True"
"archive\inbox_dup\yungeom_card_v2_dup.png","2869931","CD5EB3A03CE4C425A516EF9EDF0A96FA5DE687FA64BB44384F591FCDC2F28514",".png","2026-06-01T05:31:14.4554622Z","True"
"concept\cheongyeon\cheongyeon_art_action1.png","2689396","AC4C52811121C26505562637AD3D480CAB0320B19C10E51950583AF56D800F0D",".png","2026-05-24T02:05:56.6649452Z","True"
"concept\cheongyeon\cheongyeon_art_blue.png","2840739","3233C7F4CE7173DED44FCF1E5D153BD9D21BCF3AAFD442B359F77556030FBA4F",".png","2026-05-23T14:27:31.7477525Z","True"
"concept\cheongyeon\cheongyeon_master_sheet_v1.png","2404810","2FF920D4509496995E05AD6087BEFC8B7B8C70BB24B7152D500F3AA023B34980",".png","2026-05-24T01:33:19.9985698Z","True"
"concept\cheongyeon\cheongyeon_master_sheet_v2.png","2442514","CD9C1BBC58FC51E418529755EF1F00DB4BF1086D158A3BD58F2657111BD1ECE0",".png","2026-05-24T01:33:24.1063726Z","True"
"concept\cheongyeon\cheongyeon_pixel_ref.png","2587813","6DA52FFE977D559CBF63B98118A77EBB2D25D4C1743F07EC3E3271DC6BA2E524",".png","2026-05-23T14:02:51.7291759Z","True"
"concept\cheongyeon\cheongyeon_ref_turnabout.png","2142761","FEAE93EE14EAF520563768361C9CE2028B3BEF7F0788B44303ADFB5DCC91BE90",".png","2026-05-21T13:59:20.2658554Z","True"
"concept\doho\doho_art_action1.png","2660558","4CEA60FF035E480B7CCBC6B7ECC104B7CA3C44D750684522AB80C4D0B2FFBC34",".png","2026-05-24T02:05:41.8519880Z","True"
"concept\doho\doho_art_action2.png","2371158","144D42378F169A93839D66893E2159A06A321A6C4F4950738A4531F86D9F6A29",".png","2026-05-23T14:27:33.5011718Z","True"
"concept\doho\doho_art_dungeon.png","2311691","986F91B9F3A5202C6C6CF363D8A3A394567D6FCBEC9345EC09BACEF8B64BD0D0",".png","2026-06-01T04:59:40.9715074Z","True"
"concept\doho\doho_master_sheet.png","2421615","E6D45C3CDB09C2E9B7B20A468641D84DDF4DEA44D139BFE5142F1008BED0A37A",".png","2026-05-24T01:31:45.5655110Z","True"
"concept\doho\doho_v4_anime.png","2649471","BBC25B9A2E1E116E9F0F4FF520D497915292C3126380876AAF41FFD42A90D71E",".png","2026-06-04T08:59:13.9058248Z","True"
"concept\doho\doho_v4_semi.png","1882734","46FA1AC532AB343263E1333DE5A26CD3FF6F0C4CAD2E6779CC4B06AACB969125",".png","2026-06-04T08:59:13.9218256Z","True"
"concept\gumiho\gumiho_art_9tail.png","2633144","754421A5384FCEA4AA912F73B4F02E030E34388805FD9C69BABCC24A94FBE9D4",".png","2026-06-01T05:06:28.8192649Z","True"
"concept\gumiho\gumiho_art_face.png","2126212","5313963832B997C26CF8245E8CD602E485D15B3D6EFA240F0F6B15532F17C922",".png","2026-06-01T05:07:49.0231604Z","True"
"concept\gumiho\gumiho_art_standing.png","2424664","90A8C743397CBC816A3C2F2D0B667AA534D18AA0F64DB4038A4EEAD9CC095DA2",".png","2026-06-01T04:59:46.4164766Z","True"
"concept\gwisae\gwisae_art_action1.png","2233150","908B48C9C94B40EA7563E5C922FA37BDA72B3EC92CCAE24640F465F6080DA692",".png","2026-05-23T14:27:29.4332352Z","True"
"concept\gwisae\gwisae_art_action2.png","2354308","3B5944AD147892C160FFFB6BCA090AC9AA8AD9726AA700673D14ADA013EE94B3",".png","2026-05-24T02:05:48.9787380Z","True"
"concept\gwisae\gwisae_master_sheet.png","2564147","322C66F7A8733544A199CFAF51A43EB9909D46D6199A07DF9CFFA0BC7E40329C",".png","2026-05-24T01:32:58.8268290Z","True"
"concept\keyart_trio_action.png","2747403","7E9471B0931B7D58F5CA37A4A571B1F4D799B8713F501C7E84A4DBF4B98C6128",".png","2026-05-24T02:26:41.9222019Z","True"
"concept\keyart_trio_v1.jpg","429314","E6E7A07517D1C2FB739FCCCA31B92B289E3457214EA1A22067560BB346061BF0",".jpg","2026-05-26T14:52:51.9744271Z","True"
"concept\keyart_trio_v2.png","2769623","4F5B9572DD1448120F37B77007C925F3F54B630A292C6801390A01E00F6495E1",".png","2026-05-24T04:02:16.8584168Z","True"
"concept\npc\general_master_sheet.png","2412823","296306F6212A03B7C45FBD74F1E850C6D5F708E9737B9CF80350CE2DDC5ECF34",".png","2026-05-21T13:59:31.6109277Z","True"
"concept\npc\yungeom_ref_sheet.png","2320535","E6C90294F26EA86BE804C5879519FCDA8E760C2C8CE2C3CCD0709DCC690B59C5",".png","2026-05-22T09:30:51.3292531Z","True"
"concept\npc\yungeom_ref_sheet_v2.png","2320535","E6C90294F26EA86BE804C5879519FCDA8E760C2C8CE2C3CCD0709DCC690B59C5",".png","2026-05-23T14:02:37.1892243Z","True"
"concept\probe\gpt_0104_001.png","2668788","8ADB3FEFA9220B0B33435CBD93F3791DBC8698286CA935A150189CA406321264",".png","2026-06-04T08:57:50.9769283Z","True"
"concept\probe\gpt_0104_002.png","2464254","23B0B483C4752BC415C4B5B310C00DD2F7474A4A351E76F7191C41EBA87C5C29",".png","2026-06-04T08:57:50.9869286Z","True"
"concept\probe\gpt_0104_003.png","2740440","C4C0A81176F2E9D5FFD153F1DB4BBFFA583846B1CD30FABDB31C237CFAD910D1",".png","2026-06-04T08:57:50.9969277Z","True"
"concept\probe\gpt_0104_004.png","2698819","146468E19FE39F067FA9B57550EA0227ADD43AE0B6A39E6052CD98ABA40ED57E",".png","2026-06-04T08:57:51.0069284Z","True"
"concept\probe\gpt_0104_005.png","2257639","E5076A82A97DADD0E284C0EB0D1164F228E52B331CB721D5B87C0C079625160E",".png","2026-06-04T08:57:51.0159288Z","True"
"concept\probe\gpt_0104_006.png","2634070","E73272B2C721EFCD937C1C7309C3ECA3B335AB7D89CCE49E82BB69F56793F99F",".png","2026-06-04T08:57:51.0269281Z","True"
"concept\probe\gpt_0104_007.png","2629781","9D9DD01ACBA15C38CB610FA60EED6BA99E5EBDFE9C705FCF88F545290E33CA43",".png","2026-06-04T08:57:51.0359283Z","True"
"concept\probe\gpt_0104_008.png","2312407","8E8AEF638C55DA6F878D6DA6D91351B112761C14CA74D92C323144CF361787C0",".png","2026-06-04T08:57:51.0469279Z","True"
"concept\probe\gpt_0104_009.png","2666505","008608E795165877B61B1322A88233D27B904C465DDF90DD9DDA8534E98B36B6",".png","2026-06-04T08:57:51.0559285Z","True"
"concept\probe\gpt_0104_010.png","2636087","C8C71726BD31FC39B3713368A5C0F302E32FA6BABC14D21D28EA4C43F20F4F3D",".png","2026-06-04T08:57:51.0679288Z","True"
"concept\probe\gpt_0347_001.png","2607814","E9CE3296F239C176E54D854D46A0C7A068CC6347C0D5153F77F5AFE90B344AA7",".png","2026-06-04T08:57:51.0769280Z","True"
"concept\probe\gpt_0347_002.png","2802875","26C8886C0EC47CE174554746E4FBB6A91176C1FDD79C755A619ACDDCD492B86B",".png","2026-06-04T08:57:51.0879283Z","True"
"inbox\concept-art\gpt-image-2-map-tests\dungeon-dokkaebi-ritual-cave.png","3498290","567277057C6A061047C823C926C570D0AE15FE3234E5AECD1F9820184877721C",".png","2026-06-07T10:44:24.2127513Z","False"
"inbox\concept-art\gpt-image-2-map-tests\dungeon-royal-tomb.png","2948133","79504C73E2836A484F0047F60C7E710BEA2C3ECDDCF863147DB4A762E152D5A4",".png","2026-06-07T10:42:01.2698710Z","False"
"inbox\concept-art\gpt-image-2-map-tests\village-mountain-fortress.png","3565985","94B1DBC71E2ACC186497A73ACBC2687CD1D5523A672FF011FCA2BE56038138F8",".png","2026-06-07T10:38:58.2054634Z","False"
"inbox\concept-art\gpt-image-2-map-tests\village-riverside-market.png","3966858","9F8CE10BD99FDE6DF7A2A5C55FAD784A524A00E7B69286AB896CB73B092B8718",".png","2026-06-07T10:35:06.4874254Z","False"
"inbox\concept-art\gpt-image-2-style-tests\joseon-hunter-16bit-action-rpg.png","2885197","7C9BACAEE9D9F5B44EE6CDA4284B5FDB5A484753F92ACE896F8495F6DA59A35C",".png","2026-06-07T10:11:44.3920861Z","False"
"inbox\concept-art\gpt-image-2-style-tests\joseon-hunter-cel-animation.png","2736522","269CF6E894F7686F9EF0CC32C71274432D97836F64A9F38E4E6E7F6E53B5883D",".png","2026-06-07T10:30:02.0840398Z","False"
"inbox\concept-art\gpt-image-2-style-tests\joseon-hunter-hd2d.png","2553880","D89A0AB2104DD7DE95FDFD6682BFF9F8DFADD601FB796D74889304A75365F4CB",".png","2026-06-07T10:27:04.3423639Z","False"
"inbox\concept-art\gpt-image-2-style-tests\joseon-hunter-minhwa-pixel-art.png","3205794","3F12AD2BB7C7AA43928E571E15781DD727D570164AD5B58688A1896AE0F0B8EB",".png","2026-06-07T10:16:10.3212184Z","False"
"inbox\concept-art\gpt-image-2-style-tests\joseon-hunter-sumukhwa.png","3186029","AB345486C90D5CE386F15BCCA5264F8E8C1223BF94107DA36E10905F5DBAB24D",".png","2026-06-07T10:20:20.0654532Z","False"
"inbox\concept-art\gpt-image-2-style-tests\joseon-hunter-woodblock-print.png","4158446","6E205D513BFFE83282A64C0ECA55BA484EC20510F27A8B2E951DAB2F2B02DB8D",".png","2026-06-07T10:25:13.6162150Z","False"
"inbox\generation-smoke-tests\pixellab_map_object_jangseung_32.png","1047","36D4E3A0CFCD863E46537395C77A9F96A17978E3A350730FDA4D7D95D38B9DE3",".png","2026-06-07T09:36:00.6583396Z","False"
"inbox\generation-smoke-tests\rd_plus_topdown_item_jangseung_32.png","735","4F778DE1028FB5829029704F1A285D83E4AF9804FA61D2178ABEA3B8A74B6287",".png","2026-06-07T09:36:18.7057439Z","False"
"inbox\rd-plus-npc\herbalist_npc_turnaround_128_seed20260607.png","9492","F8B1073362AEC1512487FB7C82C1E5F177D849281C9F436FA33C55543640CD46",".png","2026-06-07T09:50:12.3589933Z","False"
"landing\art\bandit_south.png","2412","43CD050C52CE6646A6213E71EE1E74209787E1D6E6363AF04D37849C5106FD5B",".png","2026-06-04T08:19:27.0000000Z","True"
"landing\art\doho_east.png","3531","E178796FC49C644215654A62E1ADDD72DD7DBD74B07EB1B43680904633D446C1",".png","2026-06-04T08:19:27.0000000Z","True"
"landing\art\doho_face.png","159259","1AE148526B3D502ADE1B4CE3980D1E135E0041C9F31842A13ECF284D6C2CBF16",".png","2026-06-04T08:19:27.0000000Z","True"
"landing\art\doho_figure.png","534315","1B594B6862D0EF69CF09E0C2E3295087B1F6720555D7041C8DEEB567ED5A5F2B",".png","2026-06-04T08:19:27.0000000Z","True"
"landing\art\doho_south.png","3979","66523F2FE5A73E19FC5997542AC5D01A8097171F100B30B76970ECDBE495173A",".png","2026-06-04T08:19:27.0000000Z","True"
"landing\art\doho_v4.png","1882734","46FA1AC532AB343263E1333DE5A26CD3FF6F0C4CAD2E6779CC4B06AACB969125",".png","2026-06-04T08:19:27.0000000Z","True"
"landing\art\doho_walk0.png","4006","989520650D97325F64E7050E5553D047183D7FE31402B91F2F6C18AF430F1EBB",".png","2026-06-04T08:19:27.0000000Z","True"
"landing\art\gumiho_01.png","103879","B6E785FFC5A1A2E123920D01FA8D7CEA8EE7D14B41F61F6521D9DA5E05625EE9",".png","2026-06-04T08:19:27.0000000Z","True"
"landing\art\gumiho_05.png","110556","5B5A2D42A768C1E13A94AC7C353B88BC3FF98A602A2F0685709EC61AE27DFDE8",".png","2026-06-04T08:19:27.0000000Z","True"
"landing\art\gumiho_40.png","113885","776058E4ACB71B8FB23D7863E573C1F47FD1F9D22726507A95388825120A10AB",".png","2026-06-04T08:19:27.0000000Z","True"
"landing\art\gumiho_65.png","113106","93ED0A9EE861EC9C12C0D3956F0290F90E82CE93CCCB9DD9B7B3A82236E2C6A3",".png","2026-06-04T08:19:27.0000000Z","True"
"landing\art\gumiho_73.png","112365","6DD6E7BE544F3E37EDA3FC76D22EE6BF3D31338159D51C7BDB97CB3A3E60714B",".png","2026-06-04T08:19:27.0000000Z","True"
"landing\art\gumiho_vid.mp4","3921760","B5FD3181E4DBBE3B44D94817025290644AAD8BECE77850C88C5B6B93C9337D0D",".mp4","2026-06-04T08:19:27.0000000Z","True"
"landing\art\map.png","2732284","8AD48D74BADAA8F9027A21900BF74C4174F89DC423696FC39B8E0D4A626A499E",".png","2026-06-04T08:19:27.0000000Z","True"
"landing\art\map2.png","3232177","A61583E5638A8F09D5C8E867669D9600B0D9D9AA9B0F04F089808706E61F3F18",".png","2026-06-04T08:19:27.0000000Z","True"
"landing\art\moba_cheongyeon.png","213784","D0C05256BDFE6BD523BF35D94993923A2EF2E29045D3006DEC796633BEE77A44",".png","2026-06-04T08:19:27.0000000Z","True"
"landing\art\moba_doho.png","204106","2FF130605081416341A89911B63F94134964B70E12D4CEACEDD2CA04E39DED44",".png","2026-06-04T08:19:27.0000000Z","True"
"landing\art\moba_gwisae.png","161942","84E4E13E61AD7D494C625C1BB2F2D80C8F7D10F2ABBE1131B94501AB9A69A376",".png","2026-06-04T08:19:27.0000000Z","True"
"landing\art\mudang_south.png","2643","03FBDEA221E091896088C65B1F537EEF626E6133BB5CF0E343C672657A58F28B",".png","2026-06-04T08:19:27.0000000Z","True"
"landing\art\title.png","2769623","4F5B9572DD1448120F37B77007C925F3F54B630A292C6801390A01E00F6495E1",".png","2026-06-04T08:19:27.0000000Z","True"
"landing\art\wild_dog_east.png","3001","2205026AD17265A7B58C539972121EF05C05EFD337CD81A26456FAB3BC46D83E",".png","2026-06-04T08:19:27.0000000Z","True"
"magazine\cheongyeon_char_no01.png","3077902","AEC90D9C608A6805C1177C83C298945A2A0C39825C1DF88E4B108A022141B63B",".png","2026-05-23T14:27:45.4655918Z","True"
"magazine\cheongyeon_magazine_card.png","2805651","C143DB708D9DDBE951F55101461155C885AF4F20EFB79C74667658036E9044C9",".png","2026-05-24T02:01:09.2322559Z","True"
"magazine\doho_modern_orient.png","2706443","04F5F7DCF97B9362B5B3E65DA22265A70F77B227CDD15A9A20E79FFB35E44412",".png","2026-05-24T02:01:00.2852193Z","True"
"magazine\gwisae_char_file_no06.png","3034495","61747E63819F3FFB27A91EFA17373D8B81785AE40B10307DCCA0B01606D1EB56",".png","2026-05-23T14:27:54.8318609Z","True"
"magazine\gwisae_heritage_cover.png","2798325","3B8494255ED61FAED4585F4D21D6F82727DC67FB96B6453E96AE529E1598C550",".png","2026-05-24T02:01:17.6684823Z","True"
"magazine\gwisae_veiled_blade_card.png","2871185","B96D6CB41146D70649499526A0BED86C6BAE1084E12D034ABDA13C3F3EA32DD5",".png","2026-05-23T14:27:50.3656477Z","True"
"magazine\yungeom_card_v1.png","2774220","68C7CCAB8B08FAD90E6D6D0B2F17C98B46D725C76B9E9AE7E13779914205D718",".png","2026-05-23T14:27:40.4315274Z","True"
"magazine\yungeom_card_v2.png","2869931","CD5EB3A03CE4C425A516EF9EDF0A96FA5DE687FA64BB44384F591FCDC2F28514",".png","2026-05-23T14:29:21.5299206Z","True"
"maps\map.png","2732284","8AD48D74BADAA8F9027A21900BF74C4174F89DC423696FC39B8E0D4A626A499E",".png","2026-06-04T08:59:13.9588251Z","True"
"maps\map2.png","3232177","A61583E5638A8F09D5C8E867669D9600B0D9D9AA9B0F04F089808706E61F3F18",".png","2026-06-04T08:59:13.9798250Z","True"
"reference\04e667a36aceec4725213a6e5498b68d.jpg","301862","A50CB4E079B55D27F629438661434C5677A74D601FACF4AE1309BA43AFB0FE4A",".jpg","2026-05-16T08:19:30.3772069Z","True"
"reference\112134a3d6bd24acf1e186ef4c101f91.jpg","70882","45E2BDB7993AF876EDABD03990799D9EF0B06AB2420B363328EF4A91075E1DA7",".jpg","2026-05-16T08:24:15.2600677Z","True"
"reference\1fdc5e6697fd6c0efed07d26517c33b6.jpg","104431","7B465A22550C17E8013335ABB596E4CA87D0ECD966AFCECAC7F9056B7819119D",".jpg","2026-05-23T14:26:26.2787918Z","True"
"reference\26824c861d362bcc37fb118c06f52b04.jpg","135030","A441B96BC7158E6FE37683EA4FB3AE97711929D6654B3DEF2897080195EC8694",".jpg","2026-05-23T14:20:39.3706447Z","True"
"reference\2d6b79a748f68883dbcfa292106eddba.jpg","156279","0BA7EA466D9694DF79F800D764C476B7EBE71EA912A9818AC239E51247268EF7",".jpg","2026-05-16T08:21:31.0571479Z","True"
"reference\3b12eae0aab244c34592ba0ddbf0c17d.jpg","44993","E37C8BDCBC4C9AFDDCD549AD346B4B6CEFBE13F6478A35D5A2665EECE00C3CD5",".jpg","2026-05-23T14:27:03.0110711Z","True"
"reference\490138f1b151098460c974af81b081c6.jpg","89151","59F41A6078A38AA4DF10B7E2C9A67D8253A6EB00040BDBD986D2CC30E1C374CF",".jpg","2026-05-16T08:20:35.5544714Z","True"
"reference\52733d07c5903053ab1502dd1be6840e.jpg","95961","F54FE96F58126BDA8AE1FA2D692C9542F19BBA9E333E08A370147A5C053FC743",".jpg","2026-05-22T15:48:45.8945421Z","True"
"reference\5ec5f89df8951a939a3356c39dcbcff2.jpg","87808","51F7F22556A38CE7A17DE51E39D20A942D627C02DB90B76BE1D24D6200F97145",".jpg","2026-05-22T15:49:06.4289257Z","True"
"reference\6765fd8c7dd15793d03bc759ec9a8aec.jpg","122270","EAFC34FA4FC825EBBB527C781F39D3D7DE59082089EF04C1E4DDF0259A60DECF",".jpg","2026-05-16T08:18:39.8985551Z","True"
"reference\68aa32387bec84ec5f771b7884ed5016.jpg","67627","3463BD0CB1EF8D96540CC2546858E873C8BEA82C06364525E147CB9EC9865FB4",".jpg","2026-05-23T14:25:46.7067902Z","True"
"reference\691b6e1fe0e1e69bd7db8fc78dc14b91.jpg","53334","DFE1A09E89579AEF32DFF5F2D06B95116E29697AD8C53B2E658C73B3F4180697",".jpg","2026-05-16T08:20:21.0843182Z","True"
"reference\766b0f8c0bbdc2d8ede21f82dc247781.jpg","308015","17731734FF54FE2350ED83906C484D4F386FA11A8BDB5C192B9FA5D903FE5947",".jpg","2026-05-16T08:22:05.1632494Z","True"
"reference\7ab3186f5d1164bc4d553ebf85310562.jpg","351321","7B936D19E0ACC1B006A15F3018504307D02092CFC57DE944C524E8943EA1C241",".jpg","2026-05-16T08:18:50.8333141Z","True"
"reference\7b5ea6abcec4a60cfaf410f7fd2f8249.jpg","54293","B3BD9BE2482A48B986F9BB9B29684D2D594DC960F7F485A4F796D20F927663F0",".jpg","2026-05-23T14:25:40.8114574Z","True"
"reference\8617a5ccb4a1fcabe730a2eeb0840537.jpg","141645","52115AC72912BB45C8D2C873DE7AC89BD8AEB31958722E743B7653CE9BDAE644",".jpg","2026-05-16T08:19:17.1626124Z","True"
"reference\8b2b7b4e9cf6ec1bf80c9214ec83ed1b.jpg","356210","059736FBF363EACB62C6FA52D70E014DD6DD4DEDF2A95C5516C66BFD24A332F1",".jpg","2026-05-22T15:48:56.2114398Z","True"
"reference\92da86a852689ed428b4a2d590b00a97.jpg","195872","D8F451A28F853078E6AE578288A6099B3B533416E449BBEAD9AD6F2FFF457381",".jpg","2026-05-16T08:20:11.6316687Z","True"
"reference\93ae7392a0924edaa31678e0fc21397c.jpg","246801","CF034D0FF3966BEC640136454D31C8AF6766DF043EBFCAE12A79A5CDAF0C9B49",".jpg","2026-05-23T14:25:32.7700328Z","True"
"reference\966fcbef2dad5ec37772a25c8e910bd8.jpg","122969","1A07672EDFD61CE18174A39C0AF1F6067D5F9EDE07A39907B849EBCFD09749ED",".jpg","2026-05-23T14:25:13.2345057Z","True"
"reference\998782c5217c2825cbc2490e82b0fceb.jpg","103428","587DB708F4D1D05757FBCECF332C071FF74961CFAE05EE98AF898DAA9033EFB2",".jpg","2026-05-16T08:23:26.7484227Z","True"
"reference\ab51d75bf5a4225211d83c7dca306756.jpg","39419","221CBAEE1D2513F46F596E89EBA6505C56D51E0AFF6970C25CF4821D719A49CC",".jpg","2026-05-23T14:20:51.8452053Z","True"
"reference\ac2b62c8f84d992f496e8e5e2ef28653.jpg","75043","C19FDFD33DB287EF4FB4295F7BE024C2AD523F5A0783AEEF60875F9ECD6AEB39",".jpg","2026-05-23T14:26:10.6805679Z","True"
"reference\b322b20f108a48db708c5c2930bda204.jpg","217420","E94A9644A1AD2B7D5D93E0411EBAFE156CA691CEF973348FB8FCC2C7D8F9F3AC",".jpg","2026-05-16T08:19:47.0768270Z","True"
"reference\c633e96f3235e23fb81d90195d080a98.jpg","107586","73E8ECEE8EABB7EF3D3E2947B2BAD366EA0C788D69EC5D42E4E6BF2450D74F58",".jpg","2026-05-16T08:18:30.8574581Z","True"
"reference\cffff6a97602aac7e84619b59cf4e339.jpg","98476","FD9271D4B757BD1223CECE5C9A590570877C9D0DC969416CC016ED15890DA422",".jpg","2026-05-16T08:19:10.6184406Z","True"
"reference\d59cd61d6cb4a3e3adcf6d28f49399ef.jpg","109816","CFE96E5D472930C9042557EEFCC9CD9A1CE73DE32BD5282FE49660CF27D96DC2",".jpg","2026-05-23T14:26:22.8399155Z","True"
"reference\d7ef8428fff5de6b26e823cbcab6d3d1.jpg","146392","335D19EB9E7F2D48BA1D7AE8EF10298EF98503419DB9D74148101D748AC849E7",".jpg","2026-05-23T14:25:19.5666227Z","True"
"reference\ddec05db09a40830f9c9a243444e8755.jpg","100580","46E9F9AA0D8ADE544860BA4C214C5EDBF8C54563E5762297155C68C5CF0250E2",".jpg","2026-05-23T14:20:06.8726809Z","True"
"reference\fe8632a4839ac51064e2e71f5d1fa5c2.jpg","126808","8C250CC6C74331F7D36DE97E003E8FC77C2CABF4F4D09481D367C9AE9C6DA577",".jpg","2026-05-16T08:19:00.8439314Z","True"
"reference\sprite_ref_3char_animations.png","2577383","3E48C4BB8DF7D70714CC5D479D80AA53326C2494C9D7C10F4CC3B289A4A9ABFD",".png","2026-05-24T04:06:09.1847489Z","True"
"reference\sprite_ref_3char_concept.png","2492943","5E26DA6714B37EF2FD62AED29750C148DA78410C03B544A081082B906891904F",".png","2026-05-23T14:03:07.0158790Z","True"
"reference\ui_mockup\ui_battle_dungeon.png","3037090","D1753A8532CA89434DF54AB7839E1E2EA4E7B4B8E95C6842DFD804CA7CB98DCD",".png","2026-05-23T13:20:10.2949043Z","True"
"reference\ui_mockup\ui_battle_scene1.png","2903901","7344A02D67F73B0C3A44DA9A1128B085810FFA4A3B747F18648AC7CAC1466B04",".png","2026-05-23T13:20:15.5722098Z","True"
"reference\ui_mockup\ui_battle_scene2.png","3137191","5B4B503506ADAD29027F6C31F23597030DD22C212443ED89E99D1B81CB59BD71",".png","2026-05-23T13:20:18.0965205Z","True"
"reference\ui_mockup\ui_battle_scene3.png","3087795","540DB0C73303362062B82660EF593F19C211E921F11A39EFA433E6FFC356BEF8",".png","2026-05-23T13:20:22.9161488Z","True"
"reference\ui_mockup\ui_dungeon_boss.png","2906621","F6D0AE755827EFA243201F4137A890B298FA491FF5D03E3862FFCB96E6A684B0",".png","2026-05-23T13:20:21.6284500Z","True"
"reference\ui_mockup\ui_field_forest.png","3572631","009B63D2B90C040BB8F5DA0E378F040F13B9E93D7C5BA7232F155992583DBB9A",".png","2026-05-23T13:20:28.1931784Z","True"
"reference\ui_mockup\ui_field_scene1.png","3276621","33994678ABA57B3A48EDA3C109D0C5257D6F69B8D8255FD407D67B1BBCF1B2AC",".png","2026-05-23T13:20:24.0079987Z","True"
"reference\ui_mockup\ui_field_scene2.png","3516156","CA8443F6CED67CDD903785F4570FD8D268B5EAF95B9B797DCA1D2F64D101B0FF",".png","2026-05-23T13:20:25.0373170Z","True"
"reference\ui_mockup\ui_field_scene3.png","3750510","A6E96BC06EF14ED093E69D70F8E0D1C16A5462032BDDC8E3BBE16F948EC74158",".png","2026-05-23T13:20:26.1824511Z","True"
"reference\ui_mockup\ui_village_npc.png","3123040","7464E199A3DB9F8D5E3A5836D44E1826FEE3A88A8FA9F9E4186AF9EE78A0881C",".png","2026-05-23T13:20:20.3086228Z","True"
"reference\ui_mockup\view_comparison_iso_topdown.png","2427780","78B3ED63564D345FA0E013374F561A93A6B0C484DA16B3A425B2BF5F56FFA552",".png","2026-05-23T15:53:23.4206447Z","True"
"sheets\cheongyeon\cheongyeon_master_sheet.png","2418159","873A49A1777CB5FCD886250041417686686B61100502C0001A4B0948539CF497",".png","2026-05-24T02:01:48.3862372Z","True"
"sheets\cheongyeon\cheongyeon_ref_sheet.png","2379692","7670708EDE18C0DDA078772C1AE228D21B7C531EACCC99B5D24D5E8A28C87BCD",".png","2026-05-24T01:48:34.7379983Z","True"
"sheets\doho\doho_master_sheet.png","2393974","6A52D02ABA86B3291B686ACA1B8079D07FC913B3D4A3A85A71B51B4F6B987B02",".png","2026-05-24T02:01:39.8972183Z","True"
"sheets\doho\doho_ref_sheet.png","2544293","3727BA869A00A1BC6AFEE943BE6EB9430ECB3CDE1DCB5900156D0D1339331DFA",".png","2026-05-22T09:30:51.3602817Z","True"
"sheets\gwisae\gwisae_master_sheet.png","2434276","35C0D6BF4682F07D6C787F0413DC76E841325A101EDA0109DB8BBC9EF5DC0C0C",".png","2026-05-24T02:01:43.7870049Z","True"
"sheets\gwisae\gwisae_ref_sheet.png","2407540","A8E05B1CF40AFF672463BD8F7AC1993443773D06C65CEF28A88C1BD77EEAABDB",".png","2026-05-21T13:07:55.4230081Z","True"
"sprites\cheongyeon_cref3_spritesheet.png","1608587","7D2DE25E17333FD7CA5246377A717151A690C96612C4099E410A11FB7DF443A1",".png","2026-05-29T17:34:02.0276907Z","True"
"sprites\cheongyeon_cref3a_spritesheet.png","1930117","4338E6E499833847259D52CAEC6F36E5C1F14818065B3845F066CB971C24671A",".png","2026-05-29T17:34:21.5545660Z","True"
"sprites\doho_128_dir0.png","14370","12D12B1C5EA7FD3A1965379BED599432A16BD18E73B6C4BF7E27368057B220F1",".png","2026-05-25T04:43:13.7449037Z","True"
"sprites\doho_128_dir1.png","25772","5779267896308D9A0352481965EB92210E2E7129D0C95525E1CBFE1CA6DA5095",".png","2026-05-25T04:43:13.7504172Z","True"
"sprites\doho_128_dir2.png","25821","ADB01B79D0DC4189FFCEB3445891469D9EA372BAF5915402280A671058B08DE4",".png","2026-05-25T04:43:13.7554088Z","True"
"sprites\doho_128_dir3.png","26344","0DC4805237ED02BFA3C0228903AE9D9A5D06273AFC45CA0198241061C627A1D0",".png","2026-05-25T04:43:13.7599209Z","True"
"sprites\doho_256_dir0.png","45902","7CF51034C2677CF327253263E94902F501C85EEABC24638B71149874F31A300C",".png","2026-05-25T04:36:18.3913976Z","True"
"sprites\doho_256_dir1.png","44337","23CD288E52A68747988665123AD8F05E209F84077061347164C8924842728C9D",".png","2026-05-25T04:36:18.3985178Z","True"
"sprites\doho_256_dir2.png","43487","8CE657047186F7C61A303A387ED5E0BFD9DEE90101C14C1B9E10A534E4574C08",".png","2026-05-25T04:36:18.4025191Z","True"
"sprites\doho_256_dir3.png","44979","848FDA42398A6DF84CB526F3F917C72D7986D2C1B97ED55D30B0E404A23C9C25",".png","2026-05-25T04:36:18.4075197Z","True"
"sprites\doho_cref1_spritesheet.png","1634610","FC72467D2FFBD2F553695577B365B23E32A20461CFE6D41E587342B9064CB80D",".png","2026-05-29T17:34:17.2258963Z","True"
"sprites\doho_sheet_4dir.png","56146","864583EB045A7FBFF450323D9E78B75C197D1B78C83831C6DB9FFFF57356CD6F",".png","2026-05-29T16:31:08.5303264Z","True"
"sprites\doho_sheet_test.png","393689","EB61738E4B882566E13C19678D3F0BF8E10FD1AB588DC480E5573B7375CCB65C",".png","2026-05-29T16:52:56.1799750Z","True"
"sprites\doho_sprite.aseprite","55599","91F6E71B7861F2A629EB703DA0A1F7E07596B5E3F43DD5DF4D7B4F79AED95D85",".aseprite","2026-05-29T16:28:47.0190615Z","True"
"sprites\doho_sprite_test.aseprite","429929","FA48CC9A15760A167FE3740A8A1E635BD78CB1A0C53B21A3DD6EAAF2096D1AF4",".aseprite","2026-05-29T16:51:56.9028997Z","True"
"sprites\gwisae_cref2_spritesheet.png","1891134","181E32E3D872D7D44D889A678F63B8B145C081179D16999ADB146828F5C0C0C0",".png","2026-05-29T17:34:10.6488042Z","True"
"tools\rd-api-examples\input.png","54498","3501A76A6B209061EDA094613B0B3316302B23456A130A6F9A7CD37CE2FFFB4E",".png","2026-06-06T19:06:16.8138749Z","False"
"tools\rd-api-examples\resources\single_tile.png","2545","1F7D70EC7D43A384C710FDEEA189B48D1098BA60123287CB4993C990E2501BC5",".png","2026-06-06T19:06:16.8148836Z","False"
"tools\rd-api-examples\resources\tileset.png","23674","3C4F26CCDBD5F44B0050B67C8B25F9B0F7EBFD9DCA50E6C1B6B13B9B6D9784B1",".png","2026-06-06T19:06:16.8148836Z","False"
"tools\rd-api-examples\resources\walk_idle_format.png","26000","541BEAE37991FB7994F8A815334EBBD2B57369B03CA93A52003940C98AEA2BB9",".png","2026-06-06T19:06:16.8148836Z","False"
"tools\rd-api-examples\resources\wordmark.png","110091","744A7BA8E9F764B5B6098673A472F407902BCED84F4E8D63C5727CAF7F34497F",".png","2026-06-06T19:06:16.8158833Z","False"
"tools\rd-api-examples\test_rd_plus_output.png","10837","8317811D4344CAD0D4C4F873BB1D8E68568D6FD2FB4A42018000C2682CFD90CE",".png","2026-06-06T19:14:20.1004443Z","False"
"video\gumiho_vid1.mp4","8632710","8D8934CA4746FC0EB17E80B2D17B421BB07E1AE1F52DFB576D304CFE171DBAE4",".mp4","2026-06-01T05:10:28.7540895Z","True"
"video\gumiho_vid2.mp4","3921760","B5FD3181E4DBBE3B44D94817025290644AAD8BECE77850C88C5B6B93C9337D0D",".mp4","2026-06-01T05:10:23.3384707Z","True"
