"source","target","reason"
"concept\probe","workbench\probes\gpt-image2","style probes separated from approved concept art"
"inbox\generation-smoke-tests","workbench\smoke-tests\2026-06-07\generation-comparison","completed provider smoke tests"
"inbox\rd-plus-npc","workbench\candidates\npc\herbalist-rd-plus-2026-06-07","unapproved NPC candidate"
"sprites\doho_sheet_test.png","workbench\tests\sprites\doho\doho_sheet_test.png","test sprite separated from production sprites"
"sprites\doho_sprite_test.aseprite","workbench\tests\sprites\doho\doho_sprite_test.aseprite","test source separated from production sprites"
"tools\rd-api-examples\test_rd_plus_output.png","workbench\smoke-tests\2026-06-07\rd-api-example\test_rd_plus_output.png","generated API example output separated from tooling"
"concept\npc\yungeom_ref_sheet_v2.png","archive\duplicates\exact\concept-npc\yungeom_ref_sheet_v2.png","exact duplicate of concept/npc/yungeom_ref_sheet.png"
"archive\inbox_dup\gwisae_heritage_cover_dup.png","archive\duplicates\exact\magazine\gwisae_heritage_cover_dup.png","exact duplicate of magazine canonical"
"archive\inbox_dup\gwisae_veiled_blade_dup.png","archive\duplicates\exact\magazine\gwisae_veiled_blade_dup.png","exact duplicate of magazine canonical"
"archive\inbox_dup\yungeom_card_v1_dup.png","archive\duplicates\exact\magazine\yungeom_card_v1_dup.png","exact duplicate of magazine canonical"
"archive\inbox_dup\yungeom_card_v2_dup.png","archive\duplicates\exact\magazine\yungeom_card_v2_dup.png","exact duplicate of magazine canonical"
"archive\inbox_dup\doho_modern_orient_dup.png","archive\duplicates\variants\magazine\doho_modern_orient_dup.png","named duplicate but hash differs; retained for review"
"reference\ui_mockup","reference\internal\ui_mockup","project UI references grouped as internal"
"reference\sprite_ref_3char_animations.png","reference\internal\sprites\sprite_ref_3char_animations.png","project sprite reference grouped as internal"
"reference\sprite_ref_3char_concept.png","reference\internal\sprites\sprite_ref_3char_concept.png","project sprite reference grouped as internal"
"reference\04e667a36aceec4725213a6e5498b68d.jpg","reference\external\unclassified\04e667a36aceec4725213a6e5498b68d.jpg","external reference awaiting descriptive rename and source catalog"
"reference\112134a3d6bd24acf1e186ef4c101f91.jpg","reference\external\unclassified\112134a3d6bd24acf1e186ef4c101f91.jpg","external reference awaiting descriptive rename and source catalog"
"reference\1fdc5e6697fd6c0efed07d26517c33b6.jpg","reference\external\unclassified\1fdc5e6697fd6c0efed07d26517c33b6.jpg","external reference awaiting descriptive rename and source catalog"
"reference\26824c861d362bcc37fb118c06f52b04.jpg","reference\external\unclassified\26824c861d362bcc37fb118c06f52b04.jpg","external reference awaiting descriptive rename and source catalog"
"reference\2d6b79a748f68883dbcfa292106eddba.jpg","reference\external\unclassified\2d6b79a748f68883dbcfa292106eddba.jpg","external reference awaiting descriptive rename and source catalog"
"reference\3b12eae0aab244c34592ba0ddbf0c17d.jpg","reference\external\unclassified\3b12eae0aab244c34592ba0ddbf0c17d.jpg","external reference awaiting descriptive rename and source catalog"
"reference\490138f1b151098460c974af81b081c6.jpg","reference\external\unclassified\490138f1b151098460c974af81b081c6.jpg","external reference awaiting descriptive rename and source catalog"
"reference\52733d07c5903053ab1502dd1be6840e.jpg","reference\external\unclassified\52733d07c5903053ab1502dd1be6840e.jpg","external reference awaiting descriptive rename and source catalog"
"reference\5ec5f89df8951a939a3356c39dcbcff2.jpg","reference\external\unclassified\5ec5f89df8951a939a3356c39dcbcff2.jpg","external reference awaiting descriptive rename and source catalog"
"reference\6765fd8c7dd15793d03bc759ec9a8aec.jpg","reference\external\unclassified\6765fd8c7dd15793d03bc759ec9a8aec.jpg","external reference awaiting descriptive rename and source catalog"
"reference\68aa32387bec84ec5f771b7884ed5016.jpg","reference\external\unclassified\68aa32387bec84ec5f771b7884ed5016.jpg","external reference awaiting descriptive rename and source catalog"
"reference\691b6e1fe0e1e69bd7db8fc78dc14b91.jpg","reference\external\unclassified\691b6e1fe0e1e69bd7db8fc78dc14b91.jpg","external reference awaiting descriptive rename and source catalog"
"reference\766b0f8c0bbdc2d8ede21f82dc247781.jpg","reference\external\unclassified\766b0f8c0bbdc2d8ede21f82dc247781.jpg","external reference awaiting descriptive rename and source catalog"
"reference\7ab3186f5d1164bc4d553ebf85310562.jpg","reference\external\unclassified\7ab3186f5d1164bc4d553ebf85310562.jpg","external reference awaiting descriptive rename and source catalog"
"reference\7b5ea6abcec4a60cfaf410f7fd2f8249.jpg","reference\external\unclassified\7b5ea6abcec4a60cfaf410f7fd2f8249.jpg","external reference awaiting descriptive rename and source catalog"
"reference\8617a5ccb4a1fcabe730a2eeb0840537.jpg","reference\external\unclassified\8617a5ccb4a1fcabe730a2eeb0840537.jpg","external reference awaiting descriptive rename and source catalog"
"reference\8b2b7b4e9cf6ec1bf80c9214ec83ed1b.jpg","reference\external\unclassified\8b2b7b4e9cf6ec1bf80c9214ec83ed1b.jpg","external reference awaiting descriptive rename and source catalog"
"reference\92da86a852689ed428b4a2d590b00a97.jpg","reference\external\unclassified\92da86a852689ed428b4a2d590b00a97.jpg","external reference awaiting descriptive rename and source catalog"
"reference\93ae7392a0924edaa31678e0fc21397c.jpg","reference\external\unclassified\93ae7392a0924edaa31678e0fc21397c.jpg","external reference awaiting descriptive rename and source catalog"
"reference\966fcbef2dad5ec37772a25c8e910bd8.jpg","reference\external\unclassified\966fcbef2dad5ec37772a25c8e910bd8.jpg","external reference awaiting descriptive rename and source catalog"
"reference\998782c5217c2825cbc2490e82b0fceb.jpg","reference\external\unclassified\998782c5217c2825cbc2490e82b0fceb.jpg","external reference awaiting descriptive rename and source catalog"
"reference\ab51d75bf5a4225211d83c7dca306756.jpg","reference\external\unclassified\ab51d75bf5a4225211d83c7dca306756.jpg","external reference awaiting descriptive rename and source catalog"
"reference\ac2b62c8f84d992f496e8e5e2ef28653.jpg","reference\external\unclassified\ac2b62c8f84d992f496e8e5e2ef28653.jpg","external reference awaiting descriptive rename and source catalog"
"reference\b322b20f108a48db708c5c2930bda204.jpg","reference\external\unclassified\b322b20f108a48db708c5c2930bda204.jpg","external reference awaiting descriptive rename and source catalog"
"reference\c633e96f3235e23fb81d90195d080a98.jpg","reference\external\unclassified\c633e96f3235e23fb81d90195d080a98.jpg","external reference awaiting descriptive rename and source catalog"
"reference\cffff6a97602aac7e84619b59cf4e339.jpg","reference\external\unclassified\cffff6a97602aac7e84619b59cf4e339.jpg","external reference awaiting descriptive rename and source catalog"
"reference\d59cd61d6cb4a3e3adcf6d28f49399ef.jpg","reference\external\unclassified\d59cd61d6cb4a3e3adcf6d28f49399ef.jpg","external reference awaiting descriptive rename and source catalog"
"reference\d7ef8428fff5de6b26e823cbcab6d3d1.jpg","reference\external\unclassified\d7ef8428fff5de6b26e823cbcab6d3d1.jpg","external reference awaiting descriptive rename and source catalog"
"reference\ddec05db09a40830f9c9a243444e8755.jpg","reference\external\unclassified\ddec05db09a40830f9c9a243444e8755.jpg","external reference awaiting descriptive rename and source catalog"
"reference\fe8632a4839ac51064e2e71f5d1fa5c2.jpg","reference\external\unclassified\fe8632a4839ac51064e2e71f5d1fa5c2.jpg","external reference awaiting descriptive rename and source catalog"
"workbench\probes\gpt-image2\gpt_0104_001.png","workbench\probes\gpt-image2\legacy-numbered-batch\gpt_0104_001.png","legacy numbered style probe batch"
"workbench\probes\gpt-image2\gpt_0104_002.png","workbench\probes\gpt-image2\legacy-numbered-batch\gpt_0104_002.png","legacy numbered style probe batch"
"workbench\probes\gpt-image2\gpt_0104_003.png","workbench\probes\gpt-image2\legacy-numbered-batch\gpt_0104_003.png","legacy numbered style probe batch"
"workbench\probes\gpt-image2\gpt_0104_004.png","workbench\probes\gpt-image2\legacy-numbered-batch\gpt_0104_004.png","legacy numbered style probe batch"
"workbench\probes\gpt-image2\gpt_0104_005.png","workbench\probes\gpt-image2\legacy-numbered-batch\gpt_0104_005.png","legacy numbered style probe batch"
"workbench\probes\gpt-image2\gpt_0104_006.png","workbench\probes\gpt-image2\legacy-numbered-batch\gpt_0104_006.png","legacy numbered style probe batch"
"workbench\probes\gpt-image2\gpt_0104_007.png","workbench\probes\gpt-image2\legacy-numbered-batch\gpt_0104_007.png","legacy numbered style probe batch"
"workbench\probes\gpt-image2\gpt_0104_008.png","workbench\probes\gpt-image2\legacy-numbered-batch\gpt_0104_008.png","legacy numbered style probe batch"
"workbench\probes\gpt-image2\gpt_0104_009.png","workbench\probes\gpt-image2\legacy-numbered-batch\gpt_0104_009.png","legacy numbered style probe batch"
"workbench\probes\gpt-image2\gpt_0104_010.png","workbench\probes\gpt-image2\legacy-numbered-batch\gpt_0104_010.png","legacy numbered style probe batch"
"workbench\probes\gpt-image2\gpt_0347_001.png","workbench\probes\gpt-image2\legacy-numbered-batch\gpt_0347_001.png","legacy numbered style probe batch"
"workbench\probes\gpt-image2\gpt_0347_002.png","workbench\probes\gpt-image2\legacy-numbered-batch\gpt_0347_002.png","legacy numbered style probe batch"
"inbox\concept-art\gpt-image-2-map-tests","workbench\probes\gpt-image2\map-tests-2026-06-07","map concept probe batch discovered during cleanup"
"inbox\concept-art\gpt-image-2-style-tests","workbench\probes\gpt-image2\style-tests-2026-06-07","style comparison probe batch discovered during cleanup"
