"file","cue","cue_label","public_allowed","spoiler","status"
"audio/sfx/combat/burn_1_confirmed_public_spoiler-none.wav","burn","화상","true","none","confirmed"
"audio/sfx/combat/freeze_1_confirmed_public_spoiler-none.wav","freeze","빙결","true","none","confirmed"
"audio/sfx/combat/hit_1_confirmed_public_spoiler-none.wav","hit","검 타격","true","none","confirmed"
"audio/sfx/combat/hit_2_confirmed_public_spoiler-none.wav","hit","검 타격","true","none","confirmed"
"audio/sfx/combat/hit_3_confirmed_public_spoiler-none.wav","hit","검 타격","true","none","confirmed"
"audio/sfx/combat/hit_4_confirmed_public_spoiler-none.wav","hit","검 타격","true","none","confirmed"
"audio/sfx/combat/hit_crit_1_confirmed_public_spoiler-none.wav","hit_crit","치명타","true","none","confirmed"
"audio/sfx/combat/hit_crit_2_confirmed_public_spoiler-none.wav","hit_crit","치명타","true","none","confirmed"
"audio/sfx/combat/hit_crit_low_1_confirmed_public_spoiler-none.wav","hit_crit_low","치명타 저음","true","none","confirmed"
"audio/sfx/combat/shoot_1_confirmed_public_spoiler-none.wav","shoot","부적 발사","true","none","confirmed"
"audio/sfx/combat/shoot_2_confirmed_public_spoiler-none.wav","shoot","부적 발사","true","none","confirmed"
"audio/sfx/combat/skill_dash_strike_1_confirmed_public_spoiler-none.wav","skill_dash_strike","돌진베기 시전","true","none","confirmed"
"audio/sfx/combat/skill_dash_strike_2_confirmed_public_spoiler-none.wav","skill_dash_strike","돌진베기 시전","true","none","confirmed"
"audio/sfx/combat/skill_dash_strike_3_confirmed_public_spoiler-none.wav","skill_dash_strike","돌진베기 시전","true","none","confirmed"
"audio/sfx/combat/skill_slash_1_confirmed_public_spoiler-none.wav","skill_slash","참격 시전","true","none","confirmed"
"audio/sfx/combat/skill_slash_2_confirmed_public_spoiler-none.wav","skill_slash","참격 시전","true","none","confirmed"
"audio/sfx/combat/skill_slash_3_confirmed_public_spoiler-none.wav","skill_slash","참격 시전","true","none","confirmed"
"audio/sfx/combat/skill_whirl_1_confirmed_public_spoiler-none.wav","skill_whirl","회오리베기 시전","true","none","confirmed"
"audio/sfx/combat/skill_whirl_2_confirmed_public_spoiler-none.wav","skill_whirl","회오리베기 시전","true","none","confirmed"
"audio/sfx/combat/sword_swing_1_confirmed_public_spoiler-none.wav","sword_swing","검 베기","true","none","confirmed"
"audio/sfx/combat/sword_swing_2_confirmed_public_spoiler-none.wav","sword_swing","검 베기","true","none","confirmed"
"audio/sfx/combat/sword_swing_3_confirmed_public_spoiler-none.wav","sword_swing","검 베기","true","none","confirmed"
"audio/sfx/combat/sword_swing_4_confirmed_public_spoiler-none.wav","sword_swing","검 베기","true","none","confirmed"
"audio/sfx/combat/talisman_cold_burst_1_confirmed_public_spoiler-none.wav","talisman_cold_burst","빙결부 폭발","true","none","confirmed"
"audio/sfx/combat/talisman_cold_burst_2_confirmed_public_spoiler-none.wav","talisman_cold_burst","빙결부 폭발","true","none","confirmed"
"audio/sfx/combat/talisman_fire_hit_1_confirmed_public_spoiler-none.wav","talisman_fire_hit","화염부 타격","true","none","confirmed"
"audio/sfx/combat/talisman_throw_1_confirmed_public_spoiler-none.wav","talisman_throw","부적 던지기","true","none","confirmed"
"audio/sfx/combat/talisman_throw_2_confirmed_public_spoiler-none.wav","talisman_throw","부적 던지기","true","none","confirmed"
"audio/sfx/combat/talisman_throw_3_confirmed_public_spoiler-none.wav","talisman_throw","부적 던지기","true","none","confirmed"
"audio/sfx/world/drop_1_confirmed_public_spoiler-none.wav","drop","아이템 드랍","true","none","confirmed"
"audio/sfx/world/drop_2_confirmed_public_spoiler-none.wav","drop","아이템 드랍","true","none","confirmed"
"audio/sfx/world/drop_magic_1_confirmed_public_spoiler-none.wav","drop_magic","매직 아이템 드랍","true","none","confirmed"
"audio/sfx/world/drop_rare_1_confirmed_public_spoiler-none.wav","drop_rare","희귀 아이템 드랍","true","none","confirmed"
"audio/sfx/world/drop_unique_1_confirmed_public_spoiler-none.wav","drop_unique","유니크 아이템 드랍","true","none","confirmed"
"audio/sfx/world/pickup_1_confirmed_public_spoiler-none.wav","pickup","아이템 줍기","true","none","confirmed"
"audio/sfx/world/pickup_2_confirmed_public_spoiler-none.wav","pickup","아이템 줍기","true","none","confirmed"
"audio/sfx/world/pickup_coin_1_confirmed_public_spoiler-none.wav","pickup_coin","엽전 줍기","true","none","confirmed"
"audio/sfx/world/pickup_coin_2_confirmed_public_spoiler-none.wav","pickup_coin","엽전 줍기","true","none","confirmed"
"audio/sfx/ui/coin_1_confirmed_public_spoiler-none.wav","coin","엽전 거래","true","none","confirmed"
"audio/sfx/ui/coin_2_confirmed_public_spoiler-none.wav","coin","엽전 거래","true","none","confirmed"
"audio/sfx/ui/equip_1_confirmed_public_spoiler-none.wav","equip","장비 착용","true","none","confirmed"
"audio/sfx/ui/equip_2_confirmed_public_spoiler-none.wav","equip","장비 착용","true","none","confirmed"
"audio/sfx/ui/ui_close_1_confirmed_public_spoiler-none.wav","ui_close","창 닫기","true","none","confirmed"
"audio/sfx/ui/ui_open_1_confirmed_public_spoiler-none.wav","ui_open","창 열기","true","none","confirmed"
