"file","character","line","public_allowed","spoiler","status"
"audio/voice/shaman/shaman_001_confirmed_public_spoiler-none.wav","무당 할매","도사 양반, 늦었소. 못골이 석 달째 이 꼴이오.","true","none","confirmed"
"audio/voice/doho/doho_001_confirmed_public_spoiler-none.wav","도호","할매, 술부터… 아, 분위기 아니구먼.","true","none","confirmed"
"audio/voice/shaman/shaman_002_confirmed_public_spoiler-none.wav","무당 할매","봉인이 흔들리오. 요사한 기운이 못골로 새고 있소.","true","none","confirmed"
"audio/voice/shaman/shaman_003_confirmed_public_spoiler-none.wav","무당 할매","꼬리 아홉 달린 천 년 묵은 여우, 구미호가 깨어났소.","true","none","confirmed"
"audio/voice/shaman/shaman_004_confirmed_public_spoiler-none.wav","무당 할매","그 수하가 들녘 너머 흑랑 굴에 들어앉았소.","true","none","confirmed"
"audio/voice/shaman/shaman_005_confirmed_public_spoiler-none.wav","무당 할매","마을 북쪽 산길 끝 봉밀굴 문 안엔 구미호가 갇혀 있소. …아직 열 때가 아니오.","true","none","confirmed"
"audio/voice/doho/doho_002_confirmed_public_spoiler-none.wav","도호","…또 봉인이여.","true","none","confirmed"
"audio/voice/shaman/shaman_006_confirmed_public_spoiler-none.wav","무당 할매","도사 양반밖에 없소. 장터 어귀에 주모가 있소. 길은 그 사람이 아오.","true","none","confirmed"
"audio/voice/doho/doho_003_confirmed_public_spoiler-none.wav","도호","술값은—","true","none","confirmed"
"audio/voice/shaman/shaman_007_confirmed_public_spoiler-none.wav","무당 할매","살아서 돌아오면 쳐 드리리다.","true","none","confirmed"
"audio/voice/doho/doho_004_confirmed_public_spoiler-none.wav","도호","…허. 하는 김에.","true","none","confirmed"
"audio/voice/dokkaebi/dokkaebi_001_confirmed_public_spoiler-none.wav","도깨비","오, 개 잡은 도사 양반이로군. 개 있는 동네엔 이사를 못 오는데, 덕분에 눌러앉게 됐지.","true","none","confirmed"
"audio/voice/doho/doho_005_confirmed_public_spoiler-none.wav","도호","도깨비도 이사를 다니는 줄은 몰랐구먼.","true","none","confirmed"
"audio/voice/dokkaebi/dokkaebi_002_confirmed_public_spoiler-none.wav","도깨비","장터 뒤 대장간 터가 마음에 들어서 말이야. 나는 바꿔 주는 일을 해.","true","none","confirmed"
"audio/voice/dokkaebi/dokkaebi_003_confirmed_public_spoiler-none.wav","도깨비","물건을 맡기면 다른 물건으로 바꿔 줘. 값은 그때그때 달라.","true","none","confirmed"
"audio/voice/doho/doho_006_confirmed_public_spoiler-none.wav","도호","바꿔 준다… 방망이로 금 나와라 뚝딱, 그건가?","true","none","confirmed"
"audio/voice/dokkaebi/dokkaebi_004_confirmed_public_spoiler-none.wav","도깨비","뚝딱은 광고야. 실은 손으로 해. 그러니 값이 붙는 거고.","true","none","confirmed"
"audio/voice/dokkaebi/dokkaebi_005_confirmed_public_spoiler-none.wav","도깨비","첫 거래는 인사로 하지. 가방에서 쓰던 장비 아무거나 하나 내놔. 홈 둘 난 누비옷으로 바꿔 줄게.","true","none","confirmed"
"audio/voice/doho/doho_007_confirmed_public_spoiler-none.wav","도호","아무거나? 값은 안 따지고?","true","none","confirmed"
"audio/voice/dokkaebi/dokkaebi_006_confirmed_public_spoiler-none.wav","도깨비","도깨비는 값을 안 따져. 비싼 걸 내놔도 누비옷, 싼 걸 내놔도 누비옷이야. 한 번뿐이니 잘 골라.","true","none","confirmed"
"audio/voice/doho/doho_008_confirmed_public_spoiler-none.wav","도호","안 쓰는 걸 내놓으면 되겠구먼.","true","none","confirmed"
"audio/voice/dokkaebi/dokkaebi_007_confirmed_public_spoiler-none.wav","도깨비","그 말이야. 옷을 받으면 홈에 글자 부적을 박아. 순서가 중요해.","true","none","confirmed"
"audio/voice/dokkaebi/dokkaebi_008_confirmed_public_spoiler-none.wav","도깨비","수복 먼저, 강녕 다음이야. 거꾸로 박으면 아무 일도 안 일어나.","true","none","confirmed"
"audio/voice/dokkaebi/dokkaebi_009_confirmed_public_spoiler-none.wav","도깨비","글자 부적은 촌장네서 사례로 줄 거야. 먼저 받아 가.","true","none","confirmed"
"audio/voice/dokkaebi/dokkaebi_010_confirmed_public_spoiler-none.wav","도깨비","자, 골라 봐.","true","none","confirmed"
"audio/voice/dokkaebi/dokkaebi_011_confirmed_public_spoiler-none.wav","도깨비","왔어? 오늘은 뭘 바꿔 볼까.","true","none","confirmed"
"audio/voice/dokkaebi/dokkaebi_012_confirmed_public_spoiler-none.wav","도깨비","쓰던 물건, 못 쓰는 물건, 주워 온 물건. 도깨비한텐 다 밑천이야.","true","none","confirmed"
"audio/voice/dokkaebi/dokkaebi_013_confirmed_public_spoiler-none.wav","도깨비","틀려도 안 뺏어. 마음 놓고 올려 봐.","true","none","confirmed"
"audio/voice/dokkaebi/dokkaebi_014_confirmed_public_spoiler-none.wav","도깨비","메밀묵 한 사발 곁들이면 마음이 너그러워지긴 해. …농담이야. 엽전이면 돼.","true","none","confirmed"
"audio/voice/dokkaebi/dokkaebi_015_confirmed_public_spoiler-none.wav","도깨비","이 동네에서 내가 제일 한가한 장사꾼이야. 손님이라곤 도사 양반뿐이니.","true","none","confirmed"
"audio/voice/dokkaebi/dokkaebi_016_confirmed_public_spoiler-none.wav","도깨비","바꿀 거 있으면 올려 봐. 없으면 구경만 해도 돼. 구경값은 안 받아.","true","none","confirmed"
"audio/voice/dokkaebi/dokkaebi_017_confirmed_public_spoiler-none.wav","도깨비","어디 보자. 뭘 가져왔어?","true","none","confirmed"
"audio/voice/dokkaebi/dokkaebi_018_confirmed_public_spoiler-none.wav","도깨비","그래, 장비 하나 내놔 봐. 누비옷은 어디 안 갔어.","true","none","confirmed"
"audio/voice/dokkaebi/dokkaebi_019_confirmed_public_spoiler-none.wav","도깨비","뭐가 궁금해? 말은 공짜야.","true","none","confirmed"
"audio/voice/dokkaebi/dokkaebi_020_confirmed_public_spoiler-none.wav","도깨비","글자 부적은 옷 홈에 박는 거야. 수복 먼저, 강녕 다음. 거꾸로 박으면 아무 일도 안 일어나.","true","none","confirmed"
"audio/voice/doho/doho_009_confirmed_public_spoiler-none.wav","도호","순서대로 박으면 뭐가 되는지는 안 가르쳐 주고?","true","none","confirmed"
"audio/voice/dokkaebi/dokkaebi_021_confirmed_public_spoiler-none.wav","도깨비","그건 박아 보면 알아. 틀려도 글자는 도로 빼 줄 수 있어. 장비는 내 몫이지만.","true","none","confirmed"
"audio/voice/dokkaebi/dokkaebi_022_confirmed_public_spoiler-none.wav","도깨비","옥은 같은 걸 셋 모아 오면 한 단 위 옥으로 바꿔 줘. 글자 부적도 같은 글자 셋이면 다음 글자로 바꿔 주지.","true","none","confirmed"
"audio/voice/dokkaebi/dokkaebi_023_confirmed_public_spoiler-none.wav","도깨비","박아 둔 걸 도로 빼고 싶으면 장비째로 맡겨. 알맹이는 돌려주고 껍데기는 내가 먹지.","true","none","confirmed"
"audio/voice/dokkaebi/dokkaebi_024_confirmed_public_spoiler-none.wav","도깨비","틀리게 맡겨도 물건은 도로 줘. 도깨비는 값 치른 것만 먹거든.","true","none","confirmed"
"audio/voice/dokkaebi/dokkaebi_025_confirmed_public_spoiler-none.wav","도깨비","글자 부적은 순서가 반이야. 같은 글자도 순서가 틀리면 그냥 부적 종이일 뿐이지.","true","none","confirmed"
"audio/voice/dokkaebi/dokkaebi_026_confirmed_public_spoiler-none.wav","도깨비","요괴 몸에서 떨어진 건 함부로 팔지 마. 장사꾼 눈엔 잡동사니라도 내 눈엔 아닐 때가 있거든.","true","none","confirmed"
"audio/voice/dokkaebi/dokkaebi_027_confirmed_public_spoiler-none.wav","도깨비","옛 도사들 곁에서 먹 갈던 몸이라 글귀를 좀 알지. 어깨너머로 배웠는데, 어깨가 높았거든.","true","none","confirmed"
"audio/voice/dokkaebi/dokkaebi_028_confirmed_public_spoiler-none.wav","도깨비","무당 할매는 날 볼 때마다 눈을 가늘게 떠. 해코지 안 한다니까. 오래 산 것끼리 좀 봐줘도 될 텐데.","true","none","confirmed"
"audio/voice/dokkaebi/dokkaebi_029_confirmed_public_spoiler-none.wav","도깨비","비결서 쪽이 주워지거든 버리지 말고 챙겨 둬. 옛 도사들 글씨는 쓸 데가 있는 법이야.","true","none","confirmed"
"audio/voice/dokkaebi/dokkaebi_030_confirmed_public_spoiler-none.wav","도깨비","자, 바꿔 줬어. 잘 봐, 속임수는 없어.","true","none","confirmed"
"audio/voice/dokkaebi/dokkaebi_031_confirmed_public_spoiler-none.wav","도깨비","됐네. 도깨비 솜씨는 믿을 만하지.","true","none","confirmed"
"audio/voice/dokkaebi/dokkaebi_032_confirmed_public_spoiler-none.wav","도깨비","뚝딱은 아니고 좀 걸렸어. 받아 가.","true","none","confirmed"
"audio/voice/dokkaebi/dokkaebi_033_confirmed_public_spoiler-none.wav","도깨비","이야, 손맛 나는 물건이 나왔네. 아무 데나 굴러다니는 물건이 아니야. 간수 잘해.","true","none","confirmed"
"audio/voice/dokkaebi/dokkaebi_034_confirmed_public_spoiler-none.wav","도깨비","내 솜씨 중에서도 상등품이야. 팔아먹을 생각은 접어 둬.","true","none","confirmed"
"audio/voice/dokkaebi/dokkaebi_035_confirmed_public_spoiler-none.wav","도깨비","좋은 재료를 가져왔으니 좋은 물건이 나오지. 도깨비 눈은 틀리는 법이 없거든.","true","none","confirmed"
"audio/voice/dokkaebi/dokkaebi_036_confirmed_public_spoiler-none.wav","도깨비","이걸론 아무것도 안 돼. 도로 가져가, 손해 본 건 없으니까.","true","none","confirmed"
"audio/voice/dokkaebi/dokkaebi_037_confirmed_public_spoiler-none.wav","도깨비","한 상에 올릴 물건들이 아니야. 도로 가져가.","true","none","confirmed"
"audio/voice/dokkaebi/dokkaebi_038_confirmed_public_spoiler-none.wav","도깨비","재주를 부리라면서 재료가 이래? 도로 가져가. 안 뺏어.","true","none","confirmed"
"audio/voice/dokkaebi/dokkaebi_039_confirmed_public_spoiler-none.wav","도깨비","이치는 맞는데 내줄 게 없어. 더 올릴 데도, 바꿔 줄 짝도 바닥이네.","true","none","confirmed"
"audio/voice/dokkaebi/dokkaebi_040_confirmed_public_spoiler-none.wav","도깨비","재주가 모자란 게 아니라 판이 바닥이야. 맡긴 건 도로 가져가.","true","none","confirmed"
"audio/voice/dokkaebi/dokkaebi_041_confirmed_public_spoiler-none.wav","도깨비","맞게 가져왔는데 만들 게 없다니, 서로 민망하게 됐네.","true","none","confirmed"
"audio/voice/dokkaebi/dokkaebi_042_confirmed_public_spoiler-none.wav","도깨비","엽전이 모자라. 도깨비 장사도 공짜는 아니야. 채워서 와.","true","none","confirmed"
"audio/voice/dokkaebi/dokkaebi_043_confirmed_public_spoiler-none.wav","도깨비","재료는 맞는데 값이 모자라. 나중에 주겠다는 말은 안 믿어.","true","none","confirmed"
"audio/voice/dokkaebi/dokkaebi_044_confirmed_public_spoiler-none.wav","도깨비","주머니가 가볍네. 값은 값이야. 채워서 다시 와.","true","none","confirmed"
"audio/voice/dokkaebi/dokkaebi_045_confirmed_public_spoiler-none.wav","도깨비","받아 갈 자리가 없잖아. 가방부터 비워 와.","true","none","confirmed"
"audio/voice/dokkaebi/dokkaebi_046_confirmed_public_spoiler-none.wav","도깨비","바꿔 주는 것도 좋지만 받아 갈 손은 비워 둬야지. 가방 좀 정리해.","true","none","confirmed"
"audio/voice/dokkaebi/dokkaebi_047_confirmed_public_spoiler-none.wav","도깨비","내줄 물건 놓을 데가 없어. 가방 비우고 다시 와.","true","none","confirmed"
"audio/voice/dokkaebi/dokkaebi_048_confirmed_public_spoiler-none.wav","도깨비","빈손으로 뭘 바꾸라는 거야. 올려 놓고 말해.","true","none","confirmed"
"audio/voice/dokkaebi/dokkaebi_049_confirmed_public_spoiler-none.wav","도깨비","칸이 텅 비었잖아. 도깨비도 없는 걸론 못 바꿔 줘.","true","none","confirmed"
"audio/voice/dokkaebi/dokkaebi_050_confirmed_public_spoiler-minor-quest.wav","도깨비","옜다, 누비옷. 홈 둘이야. 수복 먼저, 강녕 다음, 잊지 마.","true","minor-quest","confirmed"
"audio/voice/dokkaebi/dokkaebi_051_confirmed_public_spoiler-minor-quest.wav","도깨비","거래 성사. 옷은 잘 입고, 준 장비는 내가 잘 쓸게.","true","minor-quest","confirmed"
"audio/voice/dokkaebi/dokkaebi_052_confirmed_public_spoiler-none.wav","도깨비","빈손이네. 쓰던 장비 하나 들고 다시 와. 누비옷은 어디 안 가.","true","none","confirmed"
"audio/voice/dokkaebi/dokkaebi_053_confirmed_public_spoiler-none.wav","도깨비","마음이 안 내키나 보네. 하고 싶을 때 와. 누비옷은 안 도망가.","true","none","confirmed"
"audio/voice/dokkaebi/dokkaebi_054_confirmed_public_spoiler-none.wav","도깨비","거의 다 왔는데 어딘가 하나가 어긋났어. 다시 살펴봐.","true","none","confirmed"
"audio/voice/dokkaebi/dokkaebi_055_confirmed_public_spoiler-none.wav","도깨비","옥 셋이 한 빛깔이네. 한 가족끼리만 모이면 안 돼. 빛깔이 서로 달라야 해.","true","none","confirmed"
"audio/voice/dokkaebi/dokkaebi_056_confirmed_public_spoiler-none.wav","도깨비","거의 다 왔는데 어딘가 하나가 어긋났어. 다시 살펴봐.","true","none","confirmed"
"audio/voice/dokkaebi/dokkaebi_057_confirmed_public_spoiler-none.wav","도깨비","거의 다 왔는데 어딘가 하나가 어긋났어. 다시 살펴봐.","true","none","confirmed"
"audio/voice/dokkaebi/dokkaebi_058_confirmed_public_spoiler-none.wav","도깨비","거의 다 왔는데 어딘가 하나가 어긋났어. 다시 살펴봐.","true","none","confirmed"
"audio/voice/dokkaebi/dokkaebi_059_confirmed_public_spoiler-none.wav","도깨비","옥이 한 빛깔이야. 다듬으려면 빛깔이 서로 달라야 해.","true","none","confirmed"
"audio/voice/dokkaebi/dokkaebi_060_confirmed_public_spoiler-none.wav","도깨비","거의 다 왔는데 어딘가 하나가 어긋났어. 다시 살펴봐.","true","none","confirmed"
"audio/voice/dokkaebi/dokkaebi_061_confirmed_public_spoiler-none.wav","도깨비","조각 둘이 서로 다른 벌이야. 같은 벌끼리 가져와야 바꿔 줘.","true","none","confirmed"
"audio/voice/dokkaebi/dokkaebi_062_confirmed_public_spoiler-none.wav","도깨비","거의 다 왔는데 어딘가 하나가 어긋났어. 다시 살펴봐.","true","none","confirmed"
"audio/voice/dokkaebi/dokkaebi_063_confirmed_public_spoiler-none.wav","도깨비","거의 다 왔는데 어딘가 하나가 어긋났어. 다시 살펴봐.","true","none","confirmed"
"audio/voice/dokkaebi/dokkaebi_064_confirmed_public_spoiler-none.wav","도깨비","거의 다 왔는데 어딘가 하나가 어긋났어. 다시 살펴봐.","true","none","confirmed"
"audio/voice/elder/elder_001_confirmed_public_spoiler-none.wav","촌장","떠돌이 도사가 웬일이오.","true","none","confirmed"
"audio/voice/elder/elder_002_confirmed_public_spoiler-none.wav","촌장","못골 장터가 닫힌 지 석 달이오.","true","none","confirmed"
"audio/voice/elder/elder_003_confirmed_public_spoiler-minor-quest.wav","촌장","베었구려! 못골이 오랜만에 숨을 쉬겠소.","true","minor-quest","confirmed"
"audio/voice/elder/elder_004_confirmed_public_spoiler-none.wav","촌장","사례는 받아 가시오. 빈손으로 보내면 내 잠자리가 편치 않소.","true","none","confirmed"
"audio/voice/elder/elder_005_confirmed_public_spoiler-minor-quest.wav","촌장","간밤엔 굴 쪽이 조용했소. …도사 양반 솜씨요?","true","minor-quest","confirmed"
"audio/voice/doho/doho_010_confirmed_public_spoiler-minor-quest.wav","도호","산책 좀 했지.","true","minor-quest","confirmed"
"audio/voice/elder/elder_006_confirmed_public_spoiler-none.wav","촌장","간밤에도 굴 어귀에서 뭔가 울었소. 아직 남았구려.","true","none","confirmed"
"audio/voice/elder/elder_007_confirmed_public_spoiler-none.wav","촌장","어귀만 비우면 되오. 끝까지 가란 말이 아니오.","true","none","confirmed"
"audio/voice/elder/elder_008_confirmed_public_spoiler-none.wav","촌장","굴 어귀 일, 생각해 보셨소?","true","none","confirmed"
"audio/voice/elder/elder_009_confirmed_public_spoiler-none.wav","촌장","무당 할매 말씀은 믿어도 되오. 그분이 틀린 적은 없소.","true","none","confirmed"
"audio/voice/elder/elder_010_confirmed_public_spoiler-none.wav","촌장","굴 끝까지 가신다니… 부디 무리하지 마시오.","true","none","confirmed"
"audio/voice/elder/elder_011_confirmed_public_spoiler-none.wav","촌장","부탁이 하나 있소. 흑랑 굴 말이오.","true","none","confirmed"
"audio/voice/elder/elder_012_confirmed_public_spoiler-none.wav","촌장","밤마다 어귀에서 것들이 기어 나와 밭을 헤집고 외양간을 비우오.","true","none","confirmed"
"audio/voice/elder/elder_013_confirmed_public_spoiler-none.wav","촌장","끝까지는 바라지도 않소. 첫 층만… 비워 주시오.","true","none","confirmed"
"audio/voice/doho/doho_011_confirmed_public_spoiler-none.wav","도호","첫 층만? 그럼 산책이구먼.","true","none","confirmed"
"audio/voice/elder/elder_014_confirmed_public_spoiler-none.wav","촌장","떠돌이 도사가 웬일이오.","true","none","confirmed"
"audio/voice/elder/elder_015_confirmed_public_spoiler-none.wav","촌장","못골 장터가 닫힌 지 석 달이오.","true","none","confirmed"
"audio/voice/elder/elder_016_confirmed_public_spoiler-none.wav","촌장","요괴병에 장정 셋을 잃었소.","true","none","confirmed"
"audio/voice/elder/elder_017_confirmed_public_spoiler-none.wav","촌장","젊은이들은 떠났고, 남은 건 걱정뿐이오.","true","none","confirmed"
"audio/voice/elder/elder_018_confirmed_public_spoiler-none.wav","촌장","그 산책, 부디 무사히 끝내시오.","true","none","confirmed"
"audio/voice/elder/elder_019_confirmed_public_spoiler-minor-quest.wav","촌장","몇 해 전 묵어 간 도사가 두고 간 책이 한 권 있소. 우리 집안은 까막눈이라…","true","minor-quest","confirmed"
"audio/voice/doho/doho_012_confirmed_public_spoiler-minor-quest.wav","도호","글은 내가 좀 읽지.","true","minor-quest","confirmed"
"audio/voice/elder/elder_020_confirmed_public_spoiler-minor-quest.wav","촌장","가져가시오. 굴 어귀 값이오.","true","minor-quest","confirmed"
"audio/voice/elder/elder_021_confirmed_public_spoiler-none.wav","촌장","약소하지만… 받으시오.","true","none","confirmed"
"audio/voice/elder/elder_022_confirmed_public_spoiler-minor-quest.wav","촌장","고맙소. …구미호는 아직 북쪽 산길 끝, 봉밀굴 문 너머에 있소. 잊지 마시오.","true","minor-quest","confirmed"
"audio/voice/elder/elder_023_confirmed_public_spoiler-none.wav","촌장","짐이 많구려. 가방을 비우고 다시 오시오.","true","none","confirmed"
"audio/voice/elder/elder_024_confirmed_public_spoiler-none.wav","촌장","주모 만나셨소? 그 사람은 이 장터를 혼자 지켰소. 손님 없는 날도 솥은 안 내렸지.","true","none","confirmed"
"audio/voice/elder/elder_025_confirmed_public_spoiler-none.wav","촌장","내가 뚫어 드린 건 이번 한 번뿐이오. 늙은이 솜씨에도 한도가 있소.","true","none","confirmed"
"audio/voice/elder/elder_026_confirmed_public_spoiler-none.wav","촌장","더 뚫고 싶거든 장터 뒤 도깨비를 찾아가 보시오. 빛깔 다른 온전한 옥 셋과 엽전이면 뚫어 준다 하오.","true","none","confirmed"
"audio/voice/doho/doho_013_confirmed_public_spoiler-none.wav","도호","촌장 솜씨보다 도깨비 솜씨가 낫다는 얘기구먼.","true","none","confirmed"
"audio/voice/jumo/jumo_001_confirmed_public_spoiler-none.wav","주모","도사 양반, 목이나 축이고 가시구려. 술은… 없어도 국물은 있지.","true","none","confirmed"
"audio/voice/doho/doho_014_confirmed_public_spoiler-none.wav","도호","국물이면 됐지. 외상도 되나?","true","none","confirmed"
"audio/voice/jumo/jumo_002_confirmed_public_spoiler-none.wav","주모","외상은 살아서 돌아오는 사람한테만 놓수.","true","none","confirmed"
"audio/voice/jumo/jumo_003_confirmed_public_spoiler-none.wav","주모","그나저나 도사 양반, 이 장터가 왜 닫혔는지는 아시우?","true","none","confirmed"
"audio/voice/doho/doho_015_confirmed_public_spoiler-none.wav","도호","봉인이 무너져서 괴질이 돈다는 건 대충 들었지.","true","none","confirmed"
"audio/voice/jumo/jumo_004_confirmed_public_spoiler-none.wav","주모","마을 북쪽 산길 끝에 봉밀굴 문 있잖우. 돌문 말이우.","true","none","confirmed"
"audio/voice/jumo/jumo_005_confirmed_public_spoiler-none.wav","주모","그 문 열쇠가 세 조각으로 쪼개져서, 굴마다 하나씩 박혀 있다우.","true","none","confirmed"
"audio/voice/jumo/jumo_006_confirmed_public_spoiler-none.wav","주모","개가 하나, 들녘 흑랑 굴이우. 범이 하나, 고개 너머 범굴이우.","true","none","confirmed"
"audio/voice/doho/doho_016_confirmed_public_spoiler-none.wav","도호","소문치곤 번지수까지 친절하구먼.","true","none","confirmed"
"audio/voice/jumo/jumo_007_confirmed_public_spoiler-none.wav","주모","쇠 먹는 놈 뱃속에 하나는, 같은 고개 너머 쇠부리 폐광이우.","true","none","confirmed"
"audio/voice/jumo/jumo_008_confirmed_public_spoiler-none.wav","주모","목로에 앉아 있으면 소문이 다 들어오우. 값은 국물에 쳐서 받지.","true","none","confirmed"
"audio/voice/jumo/jumo_009_confirmed_public_spoiler-none.wav","주모","열쇠를 모아 문을 열어야 이 병의 뿌리를 뽑을 수 있고, 뿌리를 뽑아야 닫힌 장터가 다시 열리지.","true","none","confirmed"
"audio/voice/doho/doho_017_confirmed_public_spoiler-none.wav","도호","뿌리라… 구미호 말이지.","true","none","confirmed"
"audio/voice/doho/doho_018_confirmed_public_spoiler-none.wav","도호","국물값치곤 일이 크네. 외상으로 달아 두시오.","true","none","confirmed"
"audio/voice/jumo/jumo_010_confirmed_public_spoiler-none.wav","주모","가까운 데부터 가시구려. 동쪽 문 밖 들녘에 흑랑 굴이 있수. …국물은 식어도 외상은 안 식수.","true","none","confirmed"
"audio/voice/jumo/jumo_011_confirmed_public_spoiler-minor-quest.wav","주모","…끝났소?","true","minor-quest","confirmed"
"audio/voice/jumo/jumo_012_confirmed_public_spoiler-minor-quest.wav","주모","잘했소, 도사 양반. 그 집 얘기는 이제, 그만합시다.","true","minor-quest","confirmed"
"audio/voice/jumo/jumo_013_confirmed_public_spoiler-none.wav","주모","어서 오시구려. 국물은 식기 전에 드시우.","true","none","confirmed"
"audio/voice/jumo/jumo_014_confirmed_public_spoiler-none.wav","주모","또 오셨수? 산 사람 얼굴 보니 반갑구먼.","true","none","confirmed"
"audio/voice/jumo/jumo_015_confirmed_public_spoiler-none.wav","주모","도사 양반, 목이나 축이고 가시구려.","true","none","confirmed"
"audio/voice/jumo/jumo_016_confirmed_public_spoiler-none.wav","주모","들녘 쪽엔 함부로 가지 마시오. 옛 주막 터에 뭔가 있다는 게 나만 하는 말이 아니오.","true","none","confirmed"
"audio/voice/jumo/jumo_017_confirmed_public_spoiler-none.wav","주모","흑랑 굴 개들은 떼로 다니우. 한 놈 보이면 열 놈이라 치시구려.","true","none","confirmed"
"audio/voice/jumo/jumo_018_confirmed_public_spoiler-none.wav","주모","고개 너머 쇠부리 폐광 사람들, 다 어디 갔는지… 밤마다 망치 소리만 난다우.","true","none","confirmed"
"audio/voice/jumo/jumo_019_confirmed_public_spoiler-none.wav","주모","흑랑 굴 맨 끝엔 불개 한 마리가 산다우. 달려들 땐 비켜서시구려.","true","none","confirmed"
"audio/voice/jumo/jumo_020_confirmed_public_spoiler-none.wav","주모","범굴에선 누가 이름을 불러도 대답 마시우.","true","none","confirmed"
"audio/voice/jumo/jumo_021_confirmed_public_spoiler-none.wav","주모","쇠부리 폐광엔 쇠 먹는 놈이 산다우. 칼이 안 들거든 불을 쓰시구려.","true","none","confirmed"
"audio/voice/jumo/jumo_022_confirmed_public_spoiler-none.wav","주모","들녘 옛 주막 터 말이우. 밤이면 거기서 각시 하나가 운다오.","true","none","confirmed"
"audio/voice/jumo/jumo_023_confirmed_public_spoiler-none.wav","주모","…각시 울음이나 그치게 해 주시오. 베든 달래든. 그 집 얘긴 그것만 하면 됐수.","true","none","confirmed"
"audio/voice/doho/doho_019_confirmed_public_spoiler-none.wav","도호","우는 사람 달래는 거라면 내가 좀 하지.","true","none","confirmed"
"audio/voice/merchant/merchant_001_confirmed_public_spoiler-none.wav","김 영감","어이구, 도사 양반. 이 난리 통에 장사가 되겠수?","true","none","confirmed"
"audio/voice/doho/doho_020_confirmed_public_spoiler-none.wav","도호","되게 해 드리지. 대신 값은 좀 깎고.","true","none","confirmed"
"audio/voice/merchant/merchant_002_confirmed_public_spoiler-none.wav","김 영감","허허, 벌써부터?","true","none","confirmed"
"audio/voice/merchant/merchant_003_confirmed_public_spoiler-none.wav","김 영감","굴에 드실 채비는 하셨수? 탕약 두 병은 챙겨 가시오.","true","none","confirmed"
"audio/voice/merchant/merchant_004_confirmed_public_spoiler-none.wav","김 영감","다녀오시면 내가 한잔 사리다. …장터가 열리면.","true","none","confirmed"
"audio/voice/merchant/merchant_005_confirmed_public_spoiler-minor-quest.wav","김 영감","장터가 다시 열릴 기미가… 보이네. 고맙수, 도사.","true","minor-quest","confirmed"
"audio/voice/merchant/merchant_006_confirmed_public_spoiler-none.wav","김 영감","도사 양반, 갓끈이 풀렸수. 한 번 봐드릴까?","true","none","confirmed"
"audio/voice/merchant/merchant_007_confirmed_public_spoiler-none.wav","김 영감","오늘은 부적이 잘 안 팔리네. 도사 양반이라도 한 장…","true","none","confirmed"
"audio/voice/merchant/merchant_008_confirmed_public_spoiler-none.wav","김 영감","굴에서 건진 건 다 사 드리우. 값은… 뭐, 시세대로.","true","none","confirmed"
"audio/voice/merchant/merchant_009_confirmed_public_spoiler-none.wav","김 영감","술 찾으시우? 장터가 닫혀서 술은 없수. 물은 있지. …물은 공짜여.","true","none","confirmed"
"audio/voice/merchant/merchant_010_confirmed_public_spoiler-none.wav","김 영감","갓이야 덤으로 줘도 검 값은 못 깎아 주우. 목숨값이니.","true","none","confirmed"
"audio/voice/merchant/merchant_011_confirmed_public_spoiler-none.wav","김 영감","주모 만나셨수? 그 사람 국밥이 못골에서 제일이우. 그 사람 없었으면 이 장터, 석 달 전에 죽었수.","true","none","confirmed"
"audio/voice/merchant/merchant_012_confirmed_public_spoiler-none.wav","김 영감","괴황지를 주우셨수? 부적 쓰는 누런 종이우. 두 장에 붉은 경면주사 하나를 얹어 도깨비한테 맡겨 보시우.","true","none","confirmed"
"audio/voice/merchant/merchant_013_confirmed_public_spoiler-none.wav","김 영감","석 장짜리 식별부든 한 장짜리 귀환부든 고르기는 도사 양반 마음이우. 내 밥줄 걸린 소리니 소문은 내지 마시우.","true","none","confirmed"
"audio/voice/doho/doho_021_confirmed_public_spoiler-none.wav","도호","영감 장사엔 해로운 얘기구먼.","true","none","confirmed"
"audio/voice/shaman/shaman_008_confirmed_public_spoiler-none.wav","무당 할매","도사 양반, 늦었소. 못골이 석 달째 이 꼴이오.","true","none","confirmed"
"audio/voice/doho/doho_022_confirmed_public_spoiler-none.wav","도호","할매, 술부터… 아, 분위기 아니구먼.","true","none","confirmed"
"audio/voice/shaman/shaman_009_confirmed_public_spoiler-none.wav","무당 할매","봉인이 흔들리오. 요사한 기운이 못골로 새고 있소.","true","none","confirmed"
"audio/voice/shaman/shaman_010_confirmed_public_spoiler-none.wav","무당 할매","꼬리 아홉 달린 천 년 묵은 여우, 구미호가 깨어났소.","true","none","confirmed"
"audio/voice/shaman/shaman_011_confirmed_public_spoiler-none.wav","무당 할매","그 수하가 들녘 너머 흑랑 굴에 들어앉았소.","true","none","confirmed"
"audio/voice/shaman/shaman_012_confirmed_public_spoiler-none.wav","무당 할매","마을 북쪽 산길 끝 봉밀굴 문 안엔 구미호가 갇혀 있소. …아직 열 때가 아니오.","true","none","confirmed"
"audio/voice/doho/doho_023_confirmed_public_spoiler-none.wav","도호","…또 봉인이여.","true","none","confirmed"
"audio/voice/shaman/shaman_013_confirmed_public_spoiler-none.wav","무당 할매","도사 양반밖에 없소. 장터 어귀에 주모가 있소. 길은 그 사람이 아오.","true","none","confirmed"
"audio/voice/doho/doho_024_confirmed_public_spoiler-none.wav","도호","술값은—","true","none","confirmed"
"audio/voice/shaman/shaman_014_confirmed_public_spoiler-none.wav","무당 할매","살아서 돌아오면 쳐 드리리다.","true","none","confirmed"
"audio/voice/doho/doho_025_confirmed_public_spoiler-none.wav","도호","…허. 하는 김에.","true","none","confirmed"
"audio/voice/shaman/shaman_015_confirmed_public_spoiler-none.wav","무당 할매","가기 전에 몸부터 채워 드리리다. 말만 걸면 되오. 값은 안 받소.","true","none","confirmed"
"audio/voice/shaman/shaman_016_confirmed_public_spoiler-none.wav","무당 할매","아직이오? 길은 주모가 알려 주었을 터인데.","true","none","confirmed"
"audio/voice/shaman/shaman_017_confirmed_public_spoiler-none.wav","무당 할매","탕약은 챙겼소? 김 영감네 가보시오.","true","none","confirmed"
"audio/voice/shaman/shaman_018_confirmed_public_spoiler-none.wav","무당 할매","주모는 만나 보았소? 길은 그 사람한테 물으시오.","true","none","confirmed"
"audio/voice/shaman/shaman_019_confirmed_public_spoiler-minor-quest.wav","무당 할매","…왔구려.","true","minor-quest","confirmed"
"audio/voice/doho/doho_026_confirmed_public_spoiler-minor-quest.wav","도호","끝낸 것 같기도 하고.","true","minor-quest","confirmed"
"audio/voice/shaman/shaman_020_confirmed_public_spoiler-minor-quest.wav","무당 할매","봉인 기운이 달라졌소. 고맙소, 도사 양반.","true","minor-quest","confirmed"
"audio/voice/shaman/shaman_021_confirmed_public_spoiler-minor-quest.wav","무당 할매","봉인의 금이 두 군데 아물었소. 한동안은 버틸 거요.","true","minor-quest","confirmed"
"audio/voice/shaman/shaman_022_confirmed_public_spoiler-none.wav","무당 할매","들녘 옛 주막 터 일이오? 주모가 맡긴 일이라 들었소. 내가 대신 듣겠소.","true","none","confirmed"
"audio/voice/shaman/shaman_023_confirmed_public_spoiler-none.wav","무당 할매","…그 터 울음이 그쳤다니, 잘했소. 오래 시끄러운 자리였지.","true","none","confirmed"
"audio/voice/shaman/shaman_024_confirmed_public_spoiler-minor-quest.wav","무당 할매","이제 남은 건 들녘 흑랑 굴 하나요.","true","minor-quest","confirmed"
"audio/voice/shaman/shaman_025_confirmed_public_spoiler-minor-quest.wav","무당 할매","흑랑은 불개요. 해와 달도 물어 삼키려던 놈이니, 달려드는 걸 조심하시오.","true","minor-quest","confirmed"
"audio/voice/doho/doho_027_confirmed_public_spoiler-minor-quest.wav","도호","그래 봐야 강아지 한 마리구먼.","true","minor-quest","confirmed"
"audio/voice/shaman/shaman_026_confirmed_public_spoiler-minor-quest.wav","무당 할매","이제 남은 건 정령재 범굴 하나요.","true","minor-quest","confirmed"
"audio/voice/shaman/shaman_027_confirmed_public_spoiler-minor-quest.wav","무당 할매","굴 안에서 누가 도사 양반 이름을 부르거든, 그건 사람이 아니오.","true","minor-quest","confirmed"
"audio/voice/doho/doho_028_confirmed_public_spoiler-minor-quest.wav","도호","내 이름 부를 사람이 이 동네에 또 있었나.","true","minor-quest","confirmed"
"audio/voice/shaman/shaman_028_confirmed_public_spoiler-minor-quest.wav","무당 할매","이제 남은 건 정령재 쇠부리 폐광 하나요.","true","minor-quest","confirmed"
"audio/voice/shaman/shaman_029_confirmed_public_spoiler-minor-quest.wav","무당 할매","쇠 냄새가 짙은 곳이오. 검이 안 들거든 불을 쓰시오. 내 좌판에 화염부가 있소.","true","minor-quest","confirmed"
"audio/voice/doho/doho_029_confirmed_public_spoiler-minor-quest.wav","도호","검 대신 불이라… 부적값이 또 나가겠구먼.","true","minor-quest","confirmed"
"audio/voice/shaman/shaman_030_confirmed_public_spoiler-none.wav","무당 할매","도사 양반, 봉인이 또 흔들렸소. 길은 주모네 목로에서 물으시오.","true","none","confirmed"
"audio/voice/shaman/shaman_031_confirmed_public_spoiler-none.wav","무당 할매","못골 공기가 무겁소. 말만 하다 갈 때가 아니오. 주모네 목로부터 들르시오.","true","none","confirmed"
"audio/voice/shaman/shaman_032_confirmed_public_spoiler-none.wav","무당 할매","구미호 일은 아직 끝나지 않았소. 방심 마시오. 주모네 목로에서 길을 물으시오.","true","none","confirmed"
"audio/voice/shaman/shaman_033_confirmed_public_spoiler-none.wav","무당 할매","굴에서 건져 온 물건은 기운을 읽어야 쓸 수 있소. 감정은 내가 해 주리다.","true","none","confirmed"
"audio/voice/shaman/shaman_034_confirmed_public_spoiler-none.wav","무당 할매","남은 굴 하나가 기다리오. 말은 그만, 가시오.","true","none","confirmed"
"audio/voice/shaman/shaman_035_confirmed_public_spoiler-none.wav","무당 할매","말은 그만. 굴로 가시오.","true","none","confirmed"
"audio/voice/shaman/shaman_036_confirmed_public_spoiler-none.wav","무당 할매","…술 이야기는 나중에.","true","none","confirmed"
"audio/voice/shaman/shaman_037_confirmed_public_spoiler-none.wav","무당 할매","이건… 봉인 너머의 기운이 묻어 있구먼.","true","none","confirmed"
"audio/voice/shaman/shaman_038_confirmed_public_spoiler-none.wav","무당 할매","엽전이 모자라오. 수수료는 식별부보다 싸도 공짜는 아니오. 잔소리는 덤이오.","true","none","confirmed"
"audio/voice/shaman/shaman_039_confirmed_public_spoiler-none.wav","무당 할매","만사와 형통이라… 글귀를 반으로 쪼갠 것이오. 만사가 형통하라는 말은 칼에 새기는 거요.","true","none","confirmed"
"audio/voice/shaman/shaman_040_confirmed_public_spoiler-none.wav","무당 할매","앞뒤를 바꾸면 글이 아니라 낙서가 되오. 순서를 지키시오.","true","none","confirmed"
"audio/voice/doho/doho_030_confirmed_public_spoiler-none.wav","도호","칼에 소원을 새기라… 팔자 좋은 칼이구먼.","true","none","confirmed"
